fit_provenance,fit_end,portfolio_scope,fit_sample,period,origin,destination,actual_count,expected_count,actual_probability,fitted_probability,difference_bps
see_artifact_rows_or_cutoff_clean,2018-12-01_or_labelled_in_rows,"Local synthetic portfolio (25,000 loans)",current_full_history_fit,2019,Current,Current,94106.0,94092.95753718524,0.984939033963054,0.9848025279939844,-1.3650596906966683
see_artifact_rows_or_cutoff_clean,2018-12-01_or_labelled_in_rows,"Local synthetic portfolio (25,000 loans)",current_full_history_fit,2019,Current,DPD30,645.0,646.0665583514719,0.0067507457219111,0.0067619086121876,0.1116289027653944
see_artifact_rows_or_cutoff_clean,2018-12-01_or_labelled_in_rows,"Local synthetic portfolio (25,000 loans)",current_full_history_fit,2019,Current,Prepaid,790.0,797.4609687090821,0.0082683552252865,0.0083464437564402,0.780885311537187
see_artifact_rows_or_cutoff_clean,2018-12-01_or_labelled_in_rows,"Local synthetic portfolio (25,000 loans)",current_full_history_fit,2019,Current,Repurchased,4.0,8.51493575420107,4.186508974828615e-05,8.911963738762961e-05,0.4725454763934346
see_artifact_rows_or_cutoff_clean,2018-12-01_or_labelled_in_rows,"Local synthetic portfolio (25,000 loans)",current_full_history_fit,2019,DPD120,DPD120,124.0,122.09451353009308,0.4509090909090909,0.4439800492003384,-69.2904170875247
see_artifact_rows_or_cutoff_clean,2018-12-01_or_labelled_in_rows,"Local synthetic portfolio (25,000 loans)",current_full_history_fit,2019,DPD120,DPD150,75.0,82.11760349501832,0.2727272727272727,0.298609467254612,258.8219452733936
see_artifact_rows_or_cutoff_clean,2018-12-01_or_labelled_in_rows,"Local synthetic portfolio (25,000 loans)",current_full_history_fit,2019,DPD120,DPD90,76.0,70.18323937701877,0.2763636363636363,0.2552117795527955,-211.51856810840863
see_artifact_rows_or_cutoff_clean,2018-12-01_or_labelled_in_rows,"Local synthetic portfolio (25,000 loans)",current_full_history_fit,2019,DPD120,Prepaid,0.0,0.580135697588232,0.0,0.0021095843548662,21.09584354866298
see_artifact_rows_or_cutoff_clean,2018-12-01_or_labelled_in_rows,"Local synthetic portfolio (25,000 loans)",current_full_history_fit,2019,DPD120,Repurchased,0.0,0.0245079002815981,0.0,8.91196373876296e-05,0.891196373876296
see_artifact_rows_or_cutoff_clean,2018-12-01_or_labelled_in_rows,"Local synthetic portfolio (25,000 loans)",current_full_history_fit,2019,DPD150,ChargeOff,45.0,47.29313645790831,0.3146853146853147,0.3307212339713868,160.3591928607212
see_artifact_rows_or_cutoff_clean,2018-12-01_or_labelled_in_rows,"Local synthetic portfolio (25,000 loans)",current_full_history_fit,2019,DPD150,DPD120,30.0,28.13044363177708,0.2097902097902098,0.1967163890334061,-130.7382075680366
see_artifact_rows_or_cutoff_clean,2018-12-01_or_labelled_in_rows,"Local synthetic portfolio (25,000 loans)",current_full_history_fit,2019,DPD150,DPD150,67.0,67.2620052394223,0.4685314685314685,0.4703636730029531,18.322044714845774
see_artifact_rows_or_cutoff_clean,2018-12-01_or_labelled_in_rows,"Local synthetic portfolio (25,000 loans)",current_full_history_fit,2019,DPD150,Prepaid,1.0,0.3016705627458806,0.0069930069930069,0.0021095843548662,-48.83422638140695
see_artifact_rows_or_cutoff_clean,2018-12-01_or_labelled_in_rows,"Local synthetic portfolio (25,000 loans)",current_full_history_fit,2019,DPD150,Repurchased,0.0,0.012744108146431,0.0,8.91196373876296e-05,0.891196373876296
see_artifact_rows_or_cutoff_clean,2018-12-01_or_labelled_in_rows,"Local synthetic portfolio (25,000 loans)",current_full_history_fit,2019,DPD30,Current,618.0,642.0107076170757,0.4150436534586971,0.4311690447394732,161.25391280776168
see_artifact_rows_or_cutoff_clean,2018-12-01_or_labelled_in_rows,"Local synthetic portfolio (25,000 loans)",current_full_history_fit,2019,DPD30,DPD30,548.0,518.4438287233205,0.3680322364002686,0.348182557906864,-198.49678493404636
see_artifact_rows_or_cutoff_clean,2018-12-01_or_labelled_in_rows,"Local synthetic portfolio (25,000 loans)",current_full_history_fit,2019,DPD30,DPD60,321.0,325.2715934151376,0.2155809267965077,0.2184496933614087,28.687665649010096
see_artifact_rows_or_cutoff_clean,2018-12-01_or_labelled_in_rows,"Local synthetic portfolio (25,000 loans)",current_full_history_fit,2019,DPD30,Prepaid,2.0,3.141171104395918,0.0013431833445265,0.0021095843548662,7.664010103397701
see_artifact_rows_or_cutoff_clean,2018-12-01_or_labelled_in_rows,"Local synthetic portfolio (25,000 loans)",current_full_history_fit,2019,DPD30,Repurchased,0.0,0.1326991400701804,0.0,8.91196373876296e-05,0.891196373876296
see_artifact_rows_or_cutoff_clean,2018-12-01_or_labelled_in_rows,"Local synthetic portfolio (25,000 loans)",current_full_history_fit,2019,DPD60,DPD30,283.0,277.98812821651285,0.3814016172506738,0.3746470730680766,-67.54544182597245
see_artifact_rows_or_cutoff_clean,2018-12-01_or_labelled_in_rows,"Local synthetic portfolio (25,000 loans)",current_full_history_fit,2019,DPD60,DPD60,280.0,276.8820202152694,0.3773584905660377,0.3731563614761043,-42.02129089933449
see_artifact_rows_or_cutoff_clean,2018-12-01_or_labelled_in_rows,"Local synthetic portfolio (25,000 loans)",current_full_history_fit,2019,DPD60,DPD90,179.0,185.4984132059653,0.2412398921832884,0.2499978614635651,87.57969280276667
see_artifact_rows_or_cutoff_clean,2018-12-01_or_labelled_in_rows,"Local synthetic portfolio (25,000 loans)",current_full_history_fit,2019,DPD60,Prepaid,0.0,1.5653115913107931,0.0,0.0021095843548662,21.09584354866298
see_artifact_rows_or_cutoff_clean,2018-12-01_or_labelled_in_rows,"Local synthetic portfolio (25,000 loans)",current_full_history_fit,2019,DPD60,Repurchased,0.0,0.0661267709416211,0.0,8.911963738762959e-05,0.8911963738762959
see_artifact_rows_or_cutoff_clean,2018-12-01_or_labelled_in_rows,"Local synthetic portfolio (25,000 loans)",current_full_history_fit,2019,DPD90,DPD120,124.0,119.54879935970254,0.2792792792792792,0.2692540526119427,-100.25226667336572
see_artifact_rows_or_cutoff_clean,2018-12-01_or_labelled_in_rows,"Local synthetic portfolio (25,000 loans)",current_full_history_fit,2019,DPD90,DPD60,132.0,138.2395564209463,0.2972972972972973,0.3113503522994286,140.53055002131276
see_artifact_rows_or_cutoff_clean,2018-12-01_or_labelled_in_rows,"Local synthetic portfolio (25,000 loans)",current_full_history_fit,2019,DPD90,DPD90,188.0,185.2354196467904,0.4234234234234234,0.4171968910963748,-62.26532327048617
see_artifact_rows_or_cutoff_clean,2018-12-01_or_labelled_in_rows,"Local synthetic portfolio (25,000 loans)",current_full_history_fit,2019,DPD90,Prepaid,0.0,0.9366554535606364,0.0,0.0021095843548662,21.09584354866298
see_artifact_rows_or_cutoff_clean,2018-12-01_or_labelled_in_rows,"Local synthetic portfolio (25,000 loans)",current_full_history_fit,2019,DPD90,Repurchased,0.0,0.0395691190001075,0.0,8.911963738762959e-05,0.8911963738762959
see_artifact_rows_or_cutoff_clean,2018-12-01_or_labelled_in_rows,"Local synthetic portfolio (25,000 loans)",current_full_history_fit,2019-2021,Current,Current,228487.0,228589.80651322703,0.979479067534316,0.9799197789433328,4.40711409017025
see_artifact_rows_or_cutoff_clean,2018-12-01_or_labelled_in_rows,"Local synthetic portfolio (25,000 loans)",current_full_history_fit,2019-2021,Current,DPD30,2701.0,2575.7317386032623,0.01157865857318,0.0110416580442023,-5.370005289776717
see_artifact_rows_or_cutoff_clean,2018-12-01_or_labelled_in_rows,"Local synthetic portfolio (25,000 loans)",current_full_history_fit,2019-2021,Current,Prepaid,2082.0,2087.672453877709,0.0089251266750688,0.0089494433750769,0.2431670000818328
see_artifact_rows_or_cutoff_clean,2018-12-01_or_labelled_in_rows,"Local synthetic portfolio (25,000 loans)",current_full_history_fit,2019-2021,Current,Repurchased,4.0,20.78929429196191,1.714721743529069e-05,8.911963738762961e-05,0.7197241995233892
see_artifact_rows_or_cutoff_clean,2018-12-01_or_labelled_in_rows,"Local synthetic portfolio (25,000 loans)",current_full_history_fit,2019-2021,DPD120,DPD120,838.0,853.6593000269849,0.4326277749096541,0.440712080550844,80.84305641189893
see_artifact_rows_or_cutoff_clean,2018-12-01_or_labelled_in_rows,"Local synthetic portfolio (25,000 loans)",current_full_history_fit,2019-2021,DPD120,DPD150,689.0,679.2400850130671,0.3557046979865771,0.3506660222060233,-50.38675780553892
see_artifact_rows_or_cutoff_clean,2018-12-01_or_labelled_in_rows,"Local synthetic portfolio (25,000 loans)",current_full_history_fit,2019-2021,DPD120,DPD90,406.0,399.84172532695214,0.2096024780588539,0.2064231932508787,-31.79284807975164
see_artifact_rows_or_cutoff_clean,2018-12-01_or_labelled_in_rows,"Local synthetic portfolio (25,000 loans)",current_full_history_fit,2019-2021,DPD120,Prepaid,4.0,4.0862648953760194,0.0020650490449148,0.0021095843548662,0.445353099514812
see_artifact_rows_or_cutoff_clean,2018-12-01_or_labelled_in_rows,"Local synthetic portfolio (25,000 loans)",current_full_history_fit,2019-2021,DPD120,Repurchased,0.0,0.1726247376198385,0.0,8.91196373876296e-05,0.891196373876296
see_artifact_rows_or_cutoff_clean,2018-12-01_or_labelled_in_rows,"Local synthetic portfolio (25,000 loans)",current_full_history_fit,2019-2021,DPD150,ChargeOff,491.0,484.444829468447,0.3937449879711307,0.3884882353395725,-52.5675263155817
see_artifact_rows_or_cutoff_clean,2018-12-01_or_labelled_in_rows,"Local synthetic portfolio (25,000 loans)",current_full_history_fit,2019-2021,DPD150,DPD120,173.0,185.16199929748151,0.1387329591018444,0.1484859657557991,97.53006653954704
see_artifact_rows_or_cutoff_clean,2018-12-01_or_labelled_in_rows,"Local synthetic portfolio (25,000 loans)",current_full_history_fit,2019-2021,DPD150,DPD150,580.0,574.6513873557308,0.4651162790697674,0.4608270949123743,-42.891841573931
see_artifact_rows_or_cutoff_clean,2018-12-01_or_labelled_in_rows,"Local synthetic portfolio (25,000 loans)",current_full_history_fit,2019-2021,DPD150,Prepaid,3.0,2.630651690518273,0.0024057738572574,0.0021095843548662,-2.9618950239111967
see_artifact_rows_or_cutoff_clean,2018-12-01_or_labelled_in_rows,"Local synthetic portfolio (25,000 loans)",current_full_history_fit,2019-2021,DPD150,Repurchased,0.0,0.1111321878223741,0.0,8.91196373876296e-05,0.891196373876296
see_artifact_rows_or_cutoff_clean,2018-12-01_or_labelled_in_rows,"Local synthetic portfolio (25,000 loans)",current_full_history_fit,2019-2021,DPD30,Current,2036.0,2108.1151265841254,0.3531656548135299,0.3656747834491111,125.0912863558118
see_artifact_rows_or_cutoff_clean,2018-12-01_or_labelled_in_rows,"Local synthetic portfolio (25,000 loans)",current_full_history_fit,2019-2021,DPD30,DPD30,1881.0,1893.8932260343447,0.3262792714657415,0.3285157373867034,22.364659209618832
see_artifact_rows_or_cutoff_clean,2018-12-01_or_labelled_in_rows,"Local synthetic portfolio (25,000 loans)",current_full_history_fit,2019-2021,DPD30,DPD60,1831.0,1750.3161188661857,0.3176062445793582,0.3036107751719316,-139.9546940742663
see_artifact_rows_or_cutoff_clean,2018-12-01_or_labelled_in_rows,"Local synthetic portfolio (25,000 loans)",current_full_history_fit,2019-2021,DPD30,Prepaid,17.0,12.161753805804208,0.0029488291413703,0.0021095843548662,-8.3924478650404
see_artifact_rows_or_cutoff_clean,2018-12-01_or_labelled_in_rows,"Local synthetic portfolio (25,000 loans)",current_full_history_fit,2019-2021,DPD30,Repurchased,0.0,0.5137747095396846,0.0,8.91196373876296e-05,0.891196373876296
see_artifact_rows_or_cutoff_clean,2018-12-01_or_labelled_in_rows,"Local synthetic portfolio (25,000 loans)",current_full_history_fit,2019-2021,DPD60,DPD30,1173.0,1217.4640168766566,0.2959878879636639,0.307207675214902,112.19787251238178
see_artifact_rows_or_cutoff_clean,2018-12-01_or_labelled_in_rows,"Local synthetic portfolio (25,000 loans)",current_full_history_fit,2019-2021,DPD60,DPD60,1437.0,1444.95011981885,0.3626040878122634,0.364610174064812,20.06086252548611
see_artifact_rows_or_cutoff_clean,2018-12-01_or_labelled_in_rows,"Local synthetic portfolio (25,000 loans)",current_full_history_fit,2019-2021,DPD60,DPD90,1343.0,1291.872399383191,0.3388846833207166,0.325983446728032,-129.01236592684663
see_artifact_rows_or_cutoff_clean,2018-12-01_or_labelled_in_rows,"Local synthetic portfolio (25,000 loans)",current_full_history_fit,2019-2021,DPD60,Prepaid,10.0,8.36028279833514,0.002523340903356,0.0021095843548662,-4.137565484897449
see_artifact_rows_or_cutoff_clean,2018-12-01_or_labelled_in_rows,"Local synthetic portfolio (25,000 loans)",current_full_history_fit,2019-2021,DPD60,Repurchased,0.0,0.3531811229671761,0.0,8.911963738762961e-05,0.8911963738762961
see_artifact_rows_or_cutoff_clean,2018-12-01_or_labelled_in_rows,"Local synthetic portfolio (25,000 loans)",current_full_history_fit,2019-2021,DPD90,DPD120,969.0,960.9973551677944,0.3453314326443336,0.3424794565815376,-28.519760627959133
see_artifact_rows_or_cutoff_clean,2018-12-01_or_labelled_in_rows,"Local synthetic portfolio (25,000 loans)",current_full_history_fit,2019-2021,DPD90,DPD60,728.0,734.5105754269752,0.2594440484675695,0.2617642820481023,23.202335805328488
see_artifact_rows_or_cutoff_clean,2018-12-01_or_labelled_in_rows,"Local synthetic portfolio (25,000 loans)",current_full_history_fit,2019-2021,DPD90,DPD90,1103.0,1104.3225060029656,0.3930862437633642,0.3935575573781061,4.713136147418973
see_artifact_rows_or_cutoff_clean,2018-12-01_or_labelled_in_rows,"Local synthetic portfolio (25,000 loans)",current_full_history_fit,2019-2021,DPD90,Prepaid,6.0,5.919493699754833,0.0021382751247327,0.0021095843548662,-0.286907698664172
see_artifact_rows_or_cutoff_clean,2018-12-01_or_labelled_in_rows,"Local synthetic portfolio (25,000 loans)",current_full_history_fit,2019-2021,DPD90,Repurchased,0.0,0.2500697025096886,0.0,8.91196373876296e-05,0.891196373876296
see_artifact_rows_or_cutoff_clean,2018-12-01_or_labelled_in_rows,"Local synthetic portfolio (25,000 loans)",current_full_history_fit,2020,Current,Current,74382.0,74442.18313586363,0.9727078947024284,0.973494921286582,7.870265841534163
see_artifact_rows_or_cutoff_clean,2018-12-01_or_labelled_in_rows,"Local synthetic portfolio (25,000 loans)",current_full_history_fit,2020,Current,DPD30,1416.0,1321.6555146132412,0.0185173076671592,0.0172835464647535,-12.33761202405665
see_artifact_rows_or_cutoff_clean,2018-12-01_or_labelled_in_rows,"Local synthetic portfolio (25,000 loans)",current_full_history_fit,2020,Current,Prepaid,671.0,698.3464599717412,0.0087747976304123,0.009132412611277,3.576149808646803
see_artifact_rows_or_cutoff_clean,2018-12-01_or_labelled_in_rows,"Local synthetic portfolio (25,000 loans)",current_full_history_fit,2020,Current,Repurchased,0.0,6.814889551394648,0.0,8.91196373876296e-05,0.891196373876296
see_artifact_rows_or_cutoff_clean,2018-12-01_or_labelled_in_rows,"Local synthetic portfolio (25,000 loans)",current_full_history_fit,2020,DPD120,DPD120,319.0,332.2500803882577,0.4116129032258064,0.4287097811461389,170.96877920332489
see_artifact_rows_or_cutoff_clean,2018-12-01_or_labelled_in_rows,"Local synthetic portfolio (25,000 loans)",current_full_history_fit,2020,DPD120,DPD150,319.0,302.1701962526213,0.4116129032258064,0.3898970274227371,-217.1587580306933
see_artifact_rows_or_cutoff_clean,2018-12-01_or_labelled_in_rows,"Local synthetic portfolio (25,000 loans)",current_full_history_fit,2020,DPD120,DPD90,135.0,138.87572776512422,0.1741935483870967,0.1791944874388699,50.00939051773179
see_artifact_rows_or_cutoff_clean,2018-12-01_or_labelled_in_rows,"Local synthetic portfolio (25,000 loans)",current_full_history_fit,2020,DPD120,Prepaid,2.0,1.634927875021381,0.0025806451612903,0.0021095843548662,-4.710608064240245
see_artifact_rows_or_cutoff_clean,2018-12-01_or_labelled_in_rows,"Local synthetic portfolio (25,000 loans)",current_full_history_fit,2020,DPD120,Repurchased,0.0,0.0690677189754129,0.0,8.911963738762961e-05,0.8911963738762961
see_artifact_rows_or_cutoff_clean,2018-12-01_or_labelled_in_rows,"Local synthetic portfolio (25,000 loans)",current_full_history_fit,2020,DPD150,ChargeOff,210.0,192.18900484080075,0.4615384615384615,0.4223934172325291,-391.45044305932464
see_artifact_rows_or_cutoff_clean,2018-12-01_or_labelled_in_rows,"Local synthetic portfolio (25,000 loans)",current_full_history_fit,2020,DPD150,DPD120,48.0,58.98074935497526,0.1054945054945055,0.1296280205603852,241.33515065879695
see_artifact_rows_or_cutoff_clean,2018-12-01_or_labelled_in_rows,"Local synthetic portfolio (25,000 loans)",current_full_history_fit,2020,DPD150,DPD150,197.0,202.82983548774845,0.432967032967033,0.4457798582148317,128.128252477987
see_artifact_rows_or_cutoff_clean,2018-12-01_or_labelled_in_rows,"Local synthetic portfolio (25,000 loans)",current_full_history_fit,2020,DPD150,Prepaid,0.0,0.9598608814641656,0.0,0.0021095843548662,21.09584354866298
see_artifact_rows_or_cutoff_clean,2018-12-01_or_labelled_in_rows,"Local synthetic portfolio (25,000 loans)",current_full_history_fit,2020,DPD150,Repurchased,0.0,0.0405494350113714,0.0,8.91196373876296e-05,0.891196373876296
see_artifact_rows_or_cutoff_clean,2018-12-01_or_labelled_in_rows,"Local synthetic portfolio (25,000 loans)",current_full_history_fit,2020,DPD30,Current,775.0,808.7922898141317,0.2930056710775047,0.3057815840507114,127.75912973206682
see_artifact_rows_or_cutoff_clean,2018-12-01_or_labelled_in_rows,"Local synthetic portfolio (25,000 loans)",current_full_history_fit,2020,DPD30,DPD30,814.0,836.050922147219,0.307750472589792,0.3160873051596291,83.36832569837082
see_artifact_rows_or_cutoff_clean,2018-12-01_or_labelled_in_rows,"Local synthetic portfolio (25,000 loans)",current_full_history_fit,2020,DPD30,DPD60,1047.0,994.3412159791376,0.3958412098298677,0.3759324067974056,-199.0880303246212
see_artifact_rows_or_cutoff_clean,2018-12-01_or_labelled_in_rows,"Local synthetic portfolio (25,000 loans)",current_full_history_fit,2020,DPD30,Prepaid,9.0,5.579850618621358,0.0034026465028355,0.0021095843548662,-12.930621479692409
see_artifact_rows_or_cutoff_clean,2018-12-01_or_labelled_in_rows,"Local synthetic portfolio (25,000 loans)",current_full_history_fit,2020,DPD30,Repurchased,0.0,0.2357214408902803,0.0,8.91196373876296e-05,0.891196373876296
see_artifact_rows_or_cutoff_clean,2018-12-01_or_labelled_in_rows,"Local synthetic portfolio (25,000 loans)",current_full_history_fit,2020,DPD60,DPD30,469.0,497.73084317430914,0.2467122567069963,0.2618257986187844,151.135419117881
see_artifact_rows_or_cutoff_clean,2018-12-01_or_labelled_in_rows,"Local synthetic portfolio (25,000 loans)",current_full_history_fit,2020,DPD60,DPD60,682.0,673.5430549214192,0.3587585481325618,0.3543098658187371,-44.48682313824725
see_artifact_rows_or_cutoff_clean,2018-12-01_or_labelled_in_rows,"Local synthetic portfolio (25,000 loans)",current_full_history_fit,2020,DPD60,DPD90,747.0,725.546365614997,0.3929510783798001,0.3816656315702246,-112.85446809575494
see_artifact_rows_or_cutoff_clean,2018-12-01_or_labelled_in_rows,"Local synthetic portfolio (25,000 loans)",current_full_history_fit,2020,DPD60,Prepaid,3.0,4.010319858600833,0.0015781167806417,0.0021095843548662,5.314675742245306
see_artifact_rows_or_cutoff_clean,2018-12-01_or_labelled_in_rows,"Local synthetic portfolio (25,000 loans)",current_full_history_fit,2020,DPD60,Repurchased,0.0,0.1694164306738838,0.0,8.91196373876296e-05,0.891196373876296
see_artifact_rows_or_cutoff_clean,2018-12-01_or_labelled_in_rows,"Local synthetic portfolio (25,000 loans)",current_full_history_fit,2020,DPD90,DPD120,499.0,491.6401672589402,0.399519615692554,0.3936270354355006,-58.9258025705347
see_artifact_rows_or_cutoff_clean,2018-12-01_or_labelled_in_rows,"Local synthetic portfolio (25,000 loans)",current_full_history_fit,2020,DPD90,DPD60,285.0,283.5506247598357,0.2281825460368294,0.22702211750187,-11.604285349594011
see_artifact_rows_or_cutoff_clean,2018-12-01_or_labelled_in_rows,"Local synthetic portfolio (25,000 loans)",current_full_history_fit,2020,DPD90,DPD90,460.0,471.0630266948989,0.3682946357085668,0.3771521430703753,88.57507361808514
see_artifact_rows_or_cutoff_clean,2018-12-01_or_labelled_in_rows,"Local synthetic portfolio (25,000 loans)",current_full_history_fit,2020,DPD90,Prepaid,5.0,2.6348708592280063,0.0040032025620496,0.0021095843548662,-18.93618207183341
see_artifact_rows_or_cutoff_clean,2018-12-01_or_labelled_in_rows,"Local synthetic portfolio (25,000 loans)",current_full_history_fit,2020,DPD90,Repurchased,0.0,0.1113104270971493,0.0,8.91196373876296e-05,0.891196373876296
see_artifact_rows_or_cutoff_clean,2018-12-01_or_labelled_in_rows,"Local synthetic portfolio (25,000 loans)",current_full_history_fit,2021,Current,Current,59999.0,60054.6658401782,0.9794156056154096,0.9803242873029416,9.08681687531776
see_artifact_rows_or_cutoff_clean,2018-12-01_or_labelled_in_rows,"Local synthetic portfolio (25,000 loans)",current_full_history_fit,2021,Current,DPD30,640.0,608.0096656385491,0.0104472739144629,0.0099250679993233,-5.222059151395834
see_artifact_rows_or_cutoff_clean,2018-12-01_or_labelled_in_rows,"Local synthetic portfolio (25,000 loans)",current_full_history_fit,2021,Current,Prepaid,621.0,591.8650251968857,0.0101371204701273,0.0096615250603474,-4.755954097798616
see_artifact_rows_or_cutoff_clean,2018-12-01_or_labelled_in_rows,"Local synthetic portfolio (25,000 loans)",current_full_history_fit,2021,Current,Repurchased,0.0,5.459468986366189,0.0,8.91196373876296e-05,0.891196373876296
see_artifact_rows_or_cutoff_clean,2018-12-01_or_labelled_in_rows,"Local synthetic portfolio (25,000 loans)",current_full_history_fit,2021,DPD120,DPD120,395.0,399.3147061086341,0.4453213077790304,0.4501856889612561,48.64381182225653
see_artifact_rows_or_cutoff_clean,2018-12-01_or_labelled_in_rows,"Local synthetic portfolio (25,000 loans)",current_full_history_fit,2021,DPD120,DPD150,295.0,294.95228526542746,0.3325817361894024,0.3325279428020603,-0.5379338734218253
see_artifact_rows_or_cutoff_clean,2018-12-01_or_labelled_in_rows,"Local synthetic portfolio (25,000 loans)",current_full_history_fit,2021,DPD120,DPD90,195.0,190.78275818480915,0.2198421645997745,0.2150876642444296,-47.54500355344832
see_artifact_rows_or_cutoff_clean,2018-12-01_or_labelled_in_rows,"Local synthetic portfolio (25,000 loans)",current_full_history_fit,2021,DPD120,Prepaid,2.0,1.8712013227664064,0.0022547914317925,0.0021095843548662,-1.45207076926261
see_artifact_rows_or_cutoff_clean,2018-12-01_or_labelled_in_rows,"Local synthetic portfolio (25,000 loans)",current_full_history_fit,2021,DPD120,Repurchased,0.0,0.0790491183628274,0.0,8.91196373876296e-05,0.891196373876296
see_artifact_rows_or_cutoff_clean,2018-12-01_or_labelled_in_rows,"Local synthetic portfolio (25,000 loans)",current_full_history_fit,2021,DPD150,ChargeOff,236.0,244.962688169738,0.3636363636363636,0.3774463608162372,138.0999717987358
see_artifact_rows_or_cutoff_clean,2018-12-01_or_labelled_in_rows,"Local synthetic portfolio (25,000 loans)",current_full_history_fit,2021,DPD150,DPD120,95.0,98.05080631072916,0.1463790446841294,0.1510798248239278,47.0078013979841
see_artifact_rows_or_cutoff_clean,2018-12-01_or_labelled_in_rows,"Local synthetic portfolio (25,000 loans)",current_full_history_fit,2021,DPD150,DPD150,316.0,304.55954662856004,0.4869029275808937,0.4692751103675809,-176.27817213312747
see_artifact_rows_or_cutoff_clean,2018-12-01_or_labelled_in_rows,"Local synthetic portfolio (25,000 loans)",current_full_history_fit,2021,DPD150,Prepaid,2.0,1.3691202463082277,0.0030816640986132,0.0021095843548662,-9.720797437469532
see_artifact_rows_or_cutoff_clean,2018-12-01_or_labelled_in_rows,"Local synthetic portfolio (25,000 loans)",current_full_history_fit,2021,DPD150,Repurchased,0.0,0.0578386446645716,0.0,8.91196373876296e-05,0.891196373876296
see_artifact_rows_or_cutoff_clean,2018-12-01_or_labelled_in_rows,"Local synthetic portfolio (25,000 loans)",current_full_history_fit,2021,DPD30,Current,643.0,657.3121291529178,0.3942366646229307,0.4030117284812494,87.75063858318721
see_artifact_rows_or_cutoff_clean,2018-12-01_or_labelled_in_rows,"Local synthetic portfolio (25,000 loans)",current_full_history_fit,2021,DPD30,DPD30,519.0,539.3984751638056,0.3182096873083997,0.3307164164094455,125.06729101045777
see_artifact_rows_or_cutoff_clean,2018-12-01_or_labelled_in_rows,"Local synthetic portfolio (25,000 loans)",current_full_history_fit,2021,DPD30,DPD60,463.0,430.7033094719104,0.2838749233599019,0.2640731511170511,-198.0177224285079
see_artifact_rows_or_cutoff_clean,2018-12-01_or_labelled_in_rows,"Local synthetic portfolio (25,000 loans)",current_full_history_fit,2021,DPD30,Prepaid,6.0,3.440732082786932,0.0036787247087676,0.0021095843548662,-15.69140353901329
see_artifact_rows_or_cutoff_clean,2018-12-01_or_labelled_in_rows,"Local synthetic portfolio (25,000 loans)",current_full_history_fit,2021,DPD30,Repurchased,0.0,0.1453541285792239,0.0,8.911963738762961e-05,0.8911963738762961
see_artifact_rows_or_cutoff_clean,2018-12-01_or_labelled_in_rows,"Local synthetic portfolio (25,000 loans)",current_full_history_fit,2021,DPD60,DPD30,421.0,441.7450454858347,0.3189393939393939,0.3346553374892687,157.15943549874711
see_artifact_rows_or_cutoff_clean,2018-12-01_or_labelled_in_rows,"Local synthetic portfolio (25,000 loans)",current_full_history_fit,2021,DPD60,DPD60,475.0,494.5250446821616,0.3598484848484848,0.3746401853652739,147.91700516789018
see_artifact_rows_or_cutoff_clean,2018-12-01_or_labelled_in_rows,"Local synthetic portfolio (25,000 loans)",current_full_history_fit,2021,DPD60,DPD90,417.0,380.82762056222856,0.3159090909090909,0.2885057731532034,-274.03317755887446
see_artifact_rows_or_cutoff_clean,2018-12-01_or_labelled_in_rows,"Local synthetic portfolio (25,000 loans)",current_full_history_fit,2021,DPD60,Prepaid,7.0,2.7846513484235134,0.0053030303030303,0.0021095843548662,-31.93445948164005
see_artifact_rows_or_cutoff_clean,2018-12-01_or_labelled_in_rows,"Local synthetic portfolio (25,000 loans)",current_full_history_fit,2021,DPD60,Repurchased,0.0,0.117637921351671,0.0,8.91196373876296e-05,0.891196373876296
see_artifact_rows_or_cutoff_clean,2018-12-01_or_labelled_in_rows,"Local synthetic portfolio (25,000 loans)",current_full_history_fit,2021,DPD90,DPD120,346.0,349.80838854915174,0.3108715184186882,0.3142932511672522,34.217327485640546
see_artifact_rows_or_cutoff_clean,2018-12-01_or_labelled_in_rows,"Local synthetic portfolio (25,000 loans)",current_full_history_fit,2021,DPD90,DPD60,311.0,312.7203942461931,0.279424977538185,0.2809707046237135,15.457270855284143
see_artifact_rows_or_cutoff_clean,2018-12-01_or_labelled_in_rows,"Local synthetic portfolio (25,000 loans)",current_full_history_fit,2021,DPD90,DPD90,455.0,448.02405966127645,0.4088050314465409,0.4025373402167803,-62.676912297606194
see_artifact_rows_or_cutoff_clean,2018-12-01_or_labelled_in_rows,"Local synthetic portfolio (25,000 loans)",current_full_history_fit,2021,DPD90,Prepaid,1.0,2.34796738696619,0.0008984725965858,0.0021095843548662,12.11111758280494
see_artifact_rows_or_cutoff_clean,2018-12-01_or_labelled_in_rows,"Local synthetic portfolio (25,000 loans)",current_full_history_fit,2021,DPD90,Repurchased,0.0,0.0991901564124317,0.0,8.91196373876296e-05,0.891196373876296
see_artifact_rows_or_cutoff_clean,2018-12-01_or_labelled_in_rows,"Local synthetic portfolio (25,000 loans)",cutoff_clean_fit,2019,Current,Current,94106.0,94121.4782586541,0.984939033963054,0.9851010336349793,1.6199967192520592
see_artifact_rows_or_cutoff_clean,2018-12-01_or_labelled_in_rows,"Local synthetic portfolio (25,000 loans)",cutoff_clean_fit,2019,Current,DPD30,645.0,633.3147359171518,0.0067507457219111,0.0066284445645209,-1.2230115739021632
see_artifact_rows_or_cutoff_clean,2018-12-01_or_labelled_in_rows,"Local synthetic portfolio (25,000 loans)",cutoff_clean_fit,2019,Current,Prepaid,790.0,779.6864675594428,0.0082683552252865,0.008160410984975,-1.0794424031144827
see_artifact_rows_or_cutoff_clean,2018-12-01_or_labelled_in_rows,"Local synthetic portfolio (25,000 loans)",cutoff_clean_fit,2019,Current,Repurchased,4.0,10.520537869311676,4.186508974828615e-05,0.0001101108155247,0.6824572577645796
see_artifact_rows_or_cutoff_clean,2018-12-01_or_labelled_in_rows,"Local synthetic portfolio (25,000 loans)",cutoff_clean_fit,2019,DPD120,DPD120,124.0,122.75811301558372,0.4509090909090909,0.4463931382384863,-45.15952670604617
see_artifact_rows_or_cutoff_clean,2018-12-01_or_labelled_in_rows,"Local synthetic portfolio (25,000 loans)",cutoff_clean_fit,2019,DPD120,DPD150,75.0,82.32112560668178,0.2727272727272727,0.299349547660661,266.22274933388314
see_artifact_rows_or_cutoff_clean,2018-12-01_or_labelled_in_rows,"Local synthetic portfolio (25,000 loans)",cutoff_clean_fit,2019,DPD120,DPD90,76.0,69.37826003796717,0.2763636363636363,0.2522845819562442,-240.7905440739211
see_artifact_rows_or_cutoff_clean,2018-12-01_or_labelled_in_rows,"Local synthetic portfolio (25,000 loans)",cutoff_clean_fit,2019,DPD120,Prepaid,0.0,0.5122208654980442,0.0,0.0018626213290837,18.62621329083797
see_artifact_rows_or_cutoff_clean,2018-12-01_or_labelled_in_rows,"Local synthetic portfolio (25,000 loans)",cutoff_clean_fit,2019,DPD120,Repurchased,0.0,0.0302804742693046,0.0,0.0001101108155247,1.101108155247441
see_artifact_rows_or_cutoff_clean,2018-12-01_or_labelled_in_rows,"Local synthetic portfolio (25,000 loans)",cutoff_clean_fit,2019,DPD150,ChargeOff,45.0,48.34905740293632,0.3146853146853147,0.3381052965240302,234.1998183871552
see_artifact_rows_or_cutoff_clean,2018-12-01_or_labelled_in_rows,"Local synthetic portfolio (25,000 loans)",cutoff_clean_fit,2019,DPD150,DPD120,30.0,27.65146823229536,0.2097902097902098,0.1933669107153521,-164.2329907485762
see_artifact_rows_or_cutoff_clean,2018-12-01_or_labelled_in_rows,"Local synthetic portfolio (25,000 loans)",cutoff_clean_fit,2019,DPD150,DPD150,67.0,66.71737366808931,0.4685314685314685,0.4665550606160091,-19.764079154593883
see_artifact_rows_or_cutoff_clean,2018-12-01_or_labelled_in_rows,"Local synthetic portfolio (25,000 loans)",cutoff_clean_fit,2019,DPD150,Prepaid,1.0,0.266354850058983,0.0069930069930069,0.0018626213290837,-51.30385663923195
see_artifact_rows_or_cutoff_clean,2018-12-01_or_labelled_in_rows,"Local synthetic portfolio (25,000 loans)",cutoff_clean_fit,2019,DPD150,Repurchased,0.0,0.0157458466200384,0.0,0.0001101108155247,1.101108155247441
see_artifact_rows_or_cutoff_clean,2018-12-01_or_labelled_in_rows,"Local synthetic portfolio (25,000 loans)",cutoff_clean_fit,2019,DPD30,Current,618.0,642.474004425386,0.4150436534586971,0.4314801910177206,164.36537559023523
see_artifact_rows_or_cutoff_clean,2018-12-01_or_labelled_in_rows,"Local synthetic portfolio (25,000 loans)",cutoff_clean_fit,2019,DPD30,DPD30,548.0,521.5602491079961,0.3680322364002686,0.3502755198844836,-177.56716515785087
see_artifact_rows_or_cutoff_clean,2018-12-01_or_labelled_in_rows,"Local synthetic portfolio (25,000 loans)",cutoff_clean_fit,2019,DPD30,DPD60,321.0,322.02834830329584,0.2155809267965077,0.2162715569531872,6.906301566795003
see_artifact_rows_or_cutoff_clean,2018-12-01_or_labelled_in_rows,"Local synthetic portfolio (25,000 loans)",cutoff_clean_fit,2019,DPD30,Prepaid,2.0,2.773443159005774,0.0013431833445265,0.0018626213290837,5.194379845572691
see_artifact_rows_or_cutoff_clean,2018-12-01_or_labelled_in_rows,"Local synthetic portfolio (25,000 loans)",cutoff_clean_fit,2019,DPD30,Repurchased,0.0,0.1639550043163439,0.0,0.0001101108155247,1.1011081552474409
see_artifact_rows_or_cutoff_clean,2018-12-01_or_labelled_in_rows,"Local synthetic portfolio (25,000 loans)",cutoff_clean_fit,2019,DPD60,DPD30,283.0,278.6363187386304,0.3814016172506738,0.3755206452003104,-58.8097205036342
see_artifact_rows_or_cutoff_clean,2018-12-01_or_labelled_in_rows,"Local synthetic portfolio (25,000 loans)",cutoff_clean_fit,2019,DPD60,DPD60,280.0,278.78731408267095,0.3773584905660377,0.3757241429685591,-16.343475974786024
see_artifact_rows_or_cutoff_clean,2018-12-01_or_labelled_in_rows,"Local synthetic portfolio (25,000 loans)",cutoff_clean_fit,2019,DPD60,DPD90,179.0,183.11259992739923,0.2412398921832884,0.2467824796865218,55.42587503233415
see_artifact_rows_or_cutoff_clean,2018-12-01_or_labelled_in_rows,"Local synthetic portfolio (25,000 loans)",cutoff_clean_fit,2019,DPD60,Prepaid,0.0,1.3820650261801777,0.0,0.0018626213290837,18.626213290837967
see_artifact_rows_or_cutoff_clean,2018-12-01_or_labelled_in_rows,"Local synthetic portfolio (25,000 loans)",cutoff_clean_fit,2019,DPD60,Repurchased,0.0,0.0817022251193601,0.0,0.0001101108155247,1.1011081552474409
see_artifact_rows_or_cutoff_clean,2018-12-01_or_labelled_in_rows,"Local synthetic portfolio (25,000 loans)",cutoff_clean_fit,2019,DPD90,DPD120,124.0,114.74907169195068,0.2792792792792792,0.2584438551620511,-208.35424117228163
see_artifact_rows_or_cutoff_clean,2018-12-01_or_labelled_in_rows,"Local synthetic portfolio (25,000 loans)",cutoff_clean_fit,2019,DPD90,DPD60,132.0,142.73801637166122,0.2972972972972973,0.3214820188550928,241.84721557795496
see_artifact_rows_or_cutoff_clean,2018-12-01_or_labelled_in_rows,"Local synthetic portfolio (25,000 loans)",cutoff_clean_fit,2019,DPD90,DPD90,188.0,185.63701886418195,0.4234234234234234,0.4181013938382475,-53.22029585175858
see_artifact_rows_or_cutoff_clean,2018-12-01_or_labelled_in_rows,"Local synthetic portfolio (25,000 loans)",cutoff_clean_fit,2019,DPD90,Prepaid,0.0,0.827003870113206,0.0,0.0018626213290837,18.62621329083797
see_artifact_rows_or_cutoff_clean,2018-12-01_or_labelled_in_rows,"Local synthetic portfolio (25,000 loans)",cutoff_clean_fit,2019,DPD90,Repurchased,0.0,0.0488892020929863,0.0,0.0001101108155247,1.1011081552474409
see_artifact_rows_or_cutoff_clean,2018-12-01_or_labelled_in_rows,"Local synthetic portfolio (25,000 loans)",cutoff_clean_fit,2019-2021,Current,Current,228487.0,228063.1247640362,0.979479067534316,0.9776619973251892,-18.17070209126692
see_artifact_rows_or_cutoff_clean,2018-12-01_or_labelled_in_rows,"Local synthetic portfolio (25,000 loans)",cutoff_clean_fit,2019-2021,Current,DPD30,2701.0,3138.9327006300578,0.01157865857318,0.0134559903831119,18.773318099319145
see_artifact_rows_or_cutoff_clean,2018-12-01_or_labelled_in_rows,"Local synthetic portfolio (25,000 loans)",cutoff_clean_fit,2019-2021,Current,Prepaid,2082.0,2046.2565449530307,0.0089251266750688,0.008771901476174,-1.5322519889473216
see_artifact_rows_or_cutoff_clean,2018-12-01_or_labelled_in_rows,"Local synthetic portfolio (25,000 loans)",cutoff_clean_fit,2019-2021,Current,Repurchased,4.0,25.68599038071916,1.714721743529069e-05,0.0001101108155247,0.9296359808945344
see_artifact_rows_or_cutoff_clean,2018-12-01_or_labelled_in_rows,"Local synthetic portfolio (25,000 loans)",cutoff_clean_fit,2019-2021,DPD120,DPD120,838.0,874.0291990895342,0.4326277749096541,0.4512282907018762,186.00515792222103
see_artifact_rows_or_cutoff_clean,2018-12-01_or_labelled_in_rows,"Local synthetic portfolio (25,000 loans)",cutoff_clean_fit,2019-2021,DPD120,DPD150,689.0,670.4789399030665,0.3557046979865771,0.3461429736205815,-95.61724365995616
see_artifact_rows_or_cutoff_clean,2018-12-01_or_labelled_in_rows,"Local synthetic portfolio (25,000 loans)",cutoff_clean_fit,2019-2021,DPD120,DPD90,406.0,388.6706788432927,0.2096024780588539,0.2006560035329337,-89.46474525920178
see_artifact_rows_or_cutoff_clean,2018-12-01_or_labelled_in_rows,"Local synthetic portfolio (25,000 loans)",cutoff_clean_fit,2019-2021,DPD120,Prepaid,4.0,3.607897514435315,0.0020650490449148,0.0018626213290837,-2.024277158310197
see_artifact_rows_or_cutoff_clean,2018-12-01_or_labelled_in_rows,"Local synthetic portfolio (25,000 loans)",cutoff_clean_fit,2019-2021,DPD120,Repurchased,0.0,0.2132846496714293,0.0,0.0001101108155247,1.101108155247441
see_artifact_rows_or_cutoff_clean,2018-12-01_or_labelled_in_rows,"Local synthetic portfolio (25,000 loans)",cutoff_clean_fit,2019-2021,DPD150,ChargeOff,491.0,464.9368668214127,0.3937449879711307,0.3728443198247094,-209.0066814642128
see_artifact_rows_or_cutoff_clean,2018-12-01_or_labelled_in_rows,"Local synthetic portfolio (25,000 loans)",cutoff_clean_fit,2019-2021,DPD150,DPD120,173.0,199.9027410436376,0.1387329591018444,0.1603069294656275,215.7397036378314
see_artifact_rows_or_cutoff_clean,2018-12-01_or_labelled_in_rows,"Local synthetic portfolio (25,000 loans)",cutoff_clean_fit,2019-2021,DPD150,DPD150,580.0,579.700395150623,0.4651162790697674,0.4648760185650545,-2.4026050471293026
see_artifact_rows_or_cutoff_clean,2018-12-01_or_labelled_in_rows,"Local synthetic portfolio (25,000 loans)",cutoff_clean_fit,2019-2021,DPD150,Prepaid,3.0,2.322688797367495,0.0024057738572574,0.0018626213290837,-5.431525281736206
see_artifact_rows_or_cutoff_clean,2018-12-01_or_labelled_in_rows,"Local synthetic portfolio (25,000 loans)",cutoff_clean_fit,2019-2021,DPD150,Repurchased,0.0,0.1373081869593559,0.0,0.0001101108155247,1.101108155247441
see_artifact_rows_or_cutoff_clean,2018-12-01_or_labelled_in_rows,"Local synthetic portfolio (25,000 loans)",cutoff_clean_fit,2019-2021,DPD30,Current,2036.0,2143.6996120433014,0.3531656548135299,0.371847287431622,186.81632618092135
see_artifact_rows_or_cutoff_clean,2018-12-01_or_labelled_in_rows,"Local synthetic portfolio (25,000 loans)",cutoff_clean_fit,2019-2021,DPD30,DPD30,1881.0,1902.2087918246184,0.3262792714657415,0.329958159900194,36.788884344524654
see_artifact_rows_or_cutoff_clean,2018-12-01_or_labelled_in_rows,"Local synthetic portfolio (25,000 loans)",cutoff_clean_fit,2019-2021,DPD30,DPD60,1831.0,1707.7187953184125,0.3176062445793582,0.2962218205235754,-213.8442405578284
see_artifact_rows_or_cutoff_clean,2018-12-01_or_labelled_in_rows,"Local synthetic portfolio (25,000 loans)",cutoff_clean_fit,2019-2021,DPD30,Prepaid,17.0,10.738011962168091,0.0029488291413703,0.0018626213290837,-10.862078122865412
see_artifact_rows_or_cutoff_clean,2018-12-01_or_labelled_in_rows,"Local synthetic portfolio (25,000 loans)",cutoff_clean_fit,2019-2021,DPD30,Repurchased,0.0,0.6347888515001497,0.0,0.0001101108155247,1.1011081552474409
see_artifact_rows_or_cutoff_clean,2018-12-01_or_labelled_in_rows,"Local synthetic portfolio (25,000 loans)",cutoff_clean_fit,2019-2021,DPD60,DPD30,1173.0,1295.5395266034234,0.2959878879636639,0.3269087879392943,309.20899975630414
see_artifact_rows_or_cutoff_clean,2018-12-01_or_labelled_in_rows,"Local synthetic portfolio (25,000 loans)",cutoff_clean_fit,2019-2021,DPD60,DPD60,1437.0,1439.6828449073623,0.3626040878122634,0.3632810610414742,6.769732292107311
see_artifact_rows_or_cutoff_clean,2018-12-01_or_labelled_in_rows,"Local synthetic portfolio (25,000 loans)",cutoff_clean_fit,2019-2021,DPD60,DPD90,1343.0,1219.959691000131,0.3388846833207166,0.3078374188746229,-310.4726444609368
see_artifact_rows_or_cutoff_clean,2018-12-01_or_labelled_in_rows,"Local synthetic portfolio (25,000 loans)",cutoff_clean_fit,2019-2021,DPD60,Prepaid,10.0,7.381568327159088,0.002523340903356,0.0018626213290837,-6.607195742722465
see_artifact_rows_or_cutoff_clean,2018-12-01_or_labelled_in_rows,"Local synthetic portfolio (25,000 loans)",cutoff_clean_fit,2019-2021,DPD60,Repurchased,0.0,0.4363691619245609,0.0,0.0001101108155247,1.1011081552474409
see_artifact_rows_or_cutoff_clean,2018-12-01_or_labelled_in_rows,"Local synthetic portfolio (25,000 loans)",cutoff_clean_fit,2019-2021,DPD90,DPD120,969.0,1074.5650151456111,0.3453314326443336,0.382952606965649,376.211743213154
see_artifact_rows_or_cutoff_clean,2018-12-01_or_labelled_in_rows,"Local synthetic portfolio (25,000 loans)",cutoff_clean_fit,2019-2021,DPD90,DPD60,728.0,705.0688979700637,0.2594440484675695,0.2512718809586827,-81.7216750888683
see_artifact_rows_or_cutoff_clean,2018-12-01_or_labelled_in_rows,"Local synthetic portfolio (25,000 loans)",cutoff_clean_fit,2019-2021,DPD90,DPD90,1103.0,1020.830600486554,0.3930862437633642,0.3638027799310597,-292.83463832304454
see_artifact_rows_or_cutoff_clean,2018-12-01_or_labelled_in_rows,"Local synthetic portfolio (25,000 loans)",cutoff_clean_fit,2019-2021,DPD90,Prepaid,6.0,5.226515449409135,0.0021382751247327,0.0018626213290837,-2.756537956489188
see_artifact_rows_or_cutoff_clean,2018-12-01_or_labelled_in_rows,"Local synthetic portfolio (25,000 loans)",cutoff_clean_fit,2019-2021,DPD90,Repurchased,0.0,0.3089709483624319,0.0,0.0001101108155247,1.1011081552474409
see_artifact_rows_or_cutoff_clean,2018-12-01_or_labelled_in_rows,"Local synthetic portfolio (25,000 loans)",cutoff_clean_fit,2020,Current,Current,74382.0,73942.72491661893,0.9727078947024284,0.9669634089188944,-57.44485783534148
see_artifact_rows_or_cutoff_clean,2018-12-01_or_labelled_in_rows,"Local synthetic portfolio (25,000 loans)",cutoff_clean_fit,2020,Current,DPD30,1416.0,1822.2752151957848,0.0185173076671592,0.0238302477500135,53.12940082854291
see_artifact_rows_or_cutoff_clean,2018-12-01_or_labelled_in_rows,"Local synthetic portfolio (25,000 loans)",cutoff_clean_fit,2020,Current,Prepaid,671.0,695.5798042329296,0.0087747976304123,0.0090962325155674,3.214348851551564
see_artifact_rows_or_cutoff_clean,2018-12-01_or_labelled_in_rows,"Local synthetic portfolio (25,000 loans)",cutoff_clean_fit,2020,Current,Repurchased,0.0,8.420063952361657,0.0,0.0001101108155247,1.101108155247441
see_artifact_rows_or_cutoff_clean,2018-12-01_or_labelled_in_rows,"Local synthetic portfolio (25,000 loans)",cutoff_clean_fit,2020,DPD120,DPD120,319.0,312.23821387214105,0.4116129032258064,0.4028880178995368,-87.24885326269639
see_artifact_rows_or_cutoff_clean,2018-12-01_or_labelled_in_rows,"Local synthetic portfolio (25,000 loans)",cutoff_clean_fit,2020,DPD120,DPD150,319.0,313.1675606412504,0.4116129032258064,0.4040871750209682,-75.25728204838266
see_artifact_rows_or_cutoff_clean,2018-12-01_or_labelled_in_rows,"Local synthetic portfolio (25,000 loans)",cutoff_clean_fit,2020,DPD120,DPD90,135.0,148.06535807453702,0.1741935483870967,0.1910520749348864,168.58526547789688
see_artifact_rows_or_cutoff_clean,2018-12-01_or_labelled_in_rows,"Local synthetic portfolio (25,000 loans)",cutoff_clean_fit,2020,DPD120,Prepaid,2.0,1.4435315300399427,0.0025806451612903,0.0018626213290837,-7.180238322065256
see_artifact_rows_or_cutoff_clean,2018-12-01_or_labelled_in_rows,"Local synthetic portfolio (25,000 loans)",cutoff_clean_fit,2020,DPD120,Repurchased,0.0,0.0853358820316766,0.0,0.0001101108155247,1.101108155247441
see_artifact_rows_or_cutoff_clean,2018-12-01_or_labelled_in_rows,"Local synthetic portfolio (25,000 loans)",cutoff_clean_fit,2020,DPD150,ChargeOff,210.0,175.95329818246083,0.4615384615384615,0.3867105454559578,-748.2791608250377
see_artifact_rows_or_cutoff_clean,2018-12-01_or_labelled_in_rows,"Local synthetic portfolio (25,000 loans)",cutoff_clean_fit,2020,DPD150,DPD120,48.0,67.2541043734669,0.1054945054945055,0.1478112184032239,423.16712908718455
see_artifact_rows_or_cutoff_clean,2018-12-01_or_labelled_in_rows,"Local synthetic portfolio (25,000 loans)",cutoff_clean_fit,2020,DPD150,DPD150,197.0,210.89500431827545,0.432967032967033,0.4635055039962096,305.38471029176674
see_artifact_rows_or_cutoff_clean,2018-12-01_or_labelled_in_rows,"Local synthetic portfolio (25,000 loans)",cutoff_clean_fit,2020,DPD150,Prepaid,0.0,0.8474927047331278,0.0,0.0018626213290837,18.62621329083797
see_artifact_rows_or_cutoff_clean,2018-12-01_or_labelled_in_rows,"Local synthetic portfolio (25,000 loans)",cutoff_clean_fit,2020,DPD150,Repurchased,0.0,0.0501004210637585,0.0,0.0001101108155247,1.1011081552474409
see_artifact_rows_or_cutoff_clean,2018-12-01_or_labelled_in_rows,"Local synthetic portfolio (25,000 loans)",cutoff_clean_fit,2020,DPD30,Current,775.0,875.3081995050134,0.2930056710775047,0.330929375994334,379.2370491682923
see_artifact_rows_or_cutoff_clean,2018-12-01_or_labelled_in_rows,"Local synthetic portfolio (25,000 loans)",cutoff_clean_fit,2020,DPD30,DPD30,814.0,809.2143664651504,0.307750472589792,0.3059411593441022,-18.09313245689781
see_artifact_rows_or_cutoff_clean,2018-12-01_or_labelled_in_rows,"Local synthetic portfolio (25,000 loans)",cutoff_clean_fit,2020,DPD30,DPD60,1047.0,955.2595575073468,0.3958412098298677,0.3611567325169553,-346.8447731291241
see_artifact_rows_or_cutoff_clean,2018-12-01_or_labelled_in_rows,"Local synthetic portfolio (25,000 loans)",cutoff_clean_fit,2020,DPD30,Prepaid,9.0,4.926633415426643,0.0034026465028355,0.0018626213290837,-15.40025173751742
see_artifact_rows_or_cutoff_clean,2018-12-01_or_labelled_in_rows,"Local synthetic portfolio (25,000 loans)",cutoff_clean_fit,2020,DPD30,Repurchased,0.0,0.2912431070629481,0.0,0.0001101108155247,1.101108155247441
see_artifact_rows_or_cutoff_clean,2018-12-01_or_labelled_in_rows,"Local synthetic portfolio (25,000 loans)",cutoff_clean_fit,2020,DPD60,DPD30,469.0,545.0630628270626,0.2467122567069963,0.2867243886517951,400.121319447988
see_artifact_rows_or_cutoff_clean,2018-12-01_or_labelled_in_rows,"Local synthetic portfolio (25,000 loans)",cutoff_clean_fit,2020,DPD60,DPD60,682.0,653.5401547754908,0.3587585481325618,0.3437875616914733,-149.7098644108852
see_artifact_rows_or_cutoff_clean,2018-12-01_or_labelled_in_rows,"Local synthetic portfolio (25,000 loans)",cutoff_clean_fit,2020,DPD60,DPD90,747.0,698.6466185905459,0.3929510783798001,0.367515317512123,-254.3576086767707
see_artifact_rows_or_cutoff_clean,2018-12-01_or_labelled_in_rows,"Local synthetic portfolio (25,000 loans)",cutoff_clean_fit,2020,DPD60,Prepaid,3.0,3.5408431465882986,0.0015781167806417,0.0018626213290837,2.8450454844202957
see_artifact_rows_or_cutoff_clean,2018-12-01_or_labelled_in_rows,"Local synthetic portfolio (25,000 loans)",cutoff_clean_fit,2020,DPD60,Repurchased,0.0,0.2093206603125385,0.0,0.0001101108155247,1.1011081552474409
see_artifact_rows_or_cutoff_clean,2018-12-01_or_labelled_in_rows,"Local synthetic portfolio (25,000 loans)",cutoff_clean_fit,2020,DPD90,DPD120,499.0,594.0606160173705,0.399519615692554,0.475628996010705,761.0938031815095
see_artifact_rows_or_cutoff_clean,2018-12-01_or_labelled_in_rows,"Local synthetic portfolio (25,000 loans)",cutoff_clean_fit,2020,DPD90,DPD60,285.0,247.91215044071072,0.2281825460368294,0.1984885111614977,-296.94034875331704
see_artifact_rows_or_cutoff_clean,2018-12-01_or_labelled_in_rows,"Local synthetic portfolio (25,000 loans)",cutoff_clean_fit,2020,DPD90,DPD90,460.0,404.5632910933027,0.3682946357085668,0.3239097606831887,-443.84875025378136
see_artifact_rows_or_cutoff_clean,2018-12-01_or_labelled_in_rows,"Local synthetic portfolio (25,000 loans)",cutoff_clean_fit,2020,DPD90,Prepaid,5.0,2.3264140400256625,0.0040032025620496,0.0018626213290837,-21.405812329658424
see_artifact_rows_or_cutoff_clean,2018-12-01_or_labelled_in_rows,"Local synthetic portfolio (25,000 loans)",cutoff_clean_fit,2020,DPD90,Repurchased,0.0,0.1375284085904053,0.0,0.0001101108155247,1.101108155247441
see_artifact_rows_or_cutoff_clean,2018-12-01_or_labelled_in_rows,"Local synthetic portfolio (25,000 loans)",cutoff_clean_fit,2021,Current,Current,59999.0,59998.92158876318,0.9794156056154096,0.9794143256409268,-0.0127997448295946
see_artifact_rows_or_cutoff_clean,2018-12-01_or_labelled_in_rows,"Local synthetic portfolio (25,000 loans)",cutoff_clean_fit,2021,Current,DPD30,640.0,683.3427495171213,0.0104472739144629,0.0111547951276056,7.075212131426919
see_artifact_rows_or_cutoff_clean,2018-12-01_or_labelled_in_rows,"Local synthetic portfolio (25,000 loans)",cutoff_clean_fit,2021,Current,Prepaid,621.0,570.990273160658,0.0101371204701273,0.0093207684159428,-8.163520541844914
see_artifact_rows_or_cutoff_clean,2018-12-01_or_labelled_in_rows,"Local synthetic portfolio (25,000 loans)",cutoff_clean_fit,2021,Current,Repurchased,0.0,6.745388559045824,0.0,0.0001101108155247,1.1011081552474409
see_artifact_rows_or_cutoff_clean,2018-12-01_or_labelled_in_rows,"Local synthetic portfolio (25,000 loans)",cutoff_clean_fit,2021,DPD120,DPD120,395.0,439.0328722018095,0.4453213077790304,0.4949637792579587,496.4247147892831
see_artifact_rows_or_cutoff_clean,2018-12-01_or_labelled_in_rows,"Local synthetic portfolio (25,000 loans)",cutoff_clean_fit,2021,DPD120,DPD150,295.0,274.9902536551343,0.3325817361894024,0.3100228338840296,-225.5890230537283
see_artifact_rows_or_cutoff_clean,2018-12-01_or_labelled_in_rows,"Local synthetic portfolio (25,000 loans)",cutoff_clean_fit,2021,DPD120,DPD90,195.0,171.22706073078848,0.2198421645997745,0.193040654713403,-268.015098863715
see_artifact_rows_or_cutoff_clean,2018-12-01_or_labelled_in_rows,"Local synthetic portfolio (25,000 loans)",cutoff_clean_fit,2021,DPD120,Prepaid,2.0,1.6521451188973282,0.0022547914317925,0.0018626213290837,-3.921701027087621
see_artifact_rows_or_cutoff_clean,2018-12-01_or_labelled_in_rows,"Local synthetic portfolio (25,000 loans)",cutoff_clean_fit,2021,DPD120,Repurchased,0.0,0.097668293370448,0.0,0.0001101108155247,1.1011081552474409
see_artifact_rows_or_cutoff_clean,2018-12-01_or_labelled_in_rows,"Local synthetic portfolio (25,000 loans)",cutoff_clean_fit,2021,DPD150,ChargeOff,236.0,240.6345112360155,0.3636363636363636,0.3707773670816879,71.41003445324313
see_artifact_rows_or_cutoff_clean,2018-12-01_or_labelled_in_rows,"Local synthetic portfolio (25,000 loans)",cutoff_clean_fit,2021,DPD150,DPD120,95.0,104.99716843787536,0.1463790446841294,0.1617830022155244,154.0395753139498
see_artifact_rows_or_cutoff_clean,2018-12-01_or_labelled_in_rows,"Local synthetic portfolio (25,000 loans)",cutoff_clean_fit,2021,DPD150,DPD150,316.0,302.08801716425825,0.4869029275808937,0.4654668985581791,-214.36029022714573
see_artifact_rows_or_cutoff_clean,2018-12-01_or_labelled_in_rows,"Local synthetic portfolio (25,000 loans)",cutoff_clean_fit,2021,DPD150,Prepaid,2.0,1.2088412425753845,0.0030816640986132,0.0018626213290837,-12.190427695294543
see_artifact_rows_or_cutoff_clean,2018-12-01_or_labelled_in_rows,"Local synthetic portfolio (25,000 loans)",cutoff_clean_fit,2021,DPD150,Repurchased,0.0,0.0714619192755589,0.0,0.0001101108155247,1.101108155247441
see_artifact_rows_or_cutoff_clean,2018-12-01_or_labelled_in_rows,"Local synthetic portfolio (25,000 loans)",cutoff_clean_fit,2021,DPD30,Current,643.0,625.9174081129019,0.3942366646229307,0.3837629724787871,-104.7369214414362
see_artifact_rows_or_cutoff_clean,2018-12-01_or_labelled_in_rows,"Local synthetic portfolio (25,000 loans)",cutoff_clean_fit,2021,DPD30,DPD30,519.0,571.4341762514722,0.3182096873083997,0.3503581706017609,321.48483293361176
see_artifact_rows_or_cutoff_clean,2018-12-01_or_labelled_in_rows,"Local synthetic portfolio (25,000 loans)",cutoff_clean_fit,2021,DPD30,DPD60,463.0,430.4308895077696,0.2838749233599019,0.2639061247748434,-199.6879858505851
see_artifact_rows_or_cutoff_clean,2018-12-01_or_labelled_in_rows,"Local synthetic portfolio (25,000 loans)",cutoff_clean_fit,2021,DPD30,Prepaid,6.0,3.0379353877356734,0.0036787247087676,0.0018626213290837,-18.1610337968383
see_artifact_rows_or_cutoff_clean,2018-12-01_or_labelled_in_rows,"Local synthetic portfolio (25,000 loans)",cutoff_clean_fit,2021,DPD30,Repurchased,0.0,0.1795907401208576,0.0,0.0001101108155247,1.1011081552474409
see_artifact_rows_or_cutoff_clean,2018-12-01_or_labelled_in_rows,"Local synthetic portfolio (25,000 loans)",cutoff_clean_fit,2021,DPD60,DPD30,421.0,471.84014503773057,0.3189393939393939,0.357454655331614,385.1526139222005
see_artifact_rows_or_cutoff_clean,2018-12-01_or_labelled_in_rows,"Local synthetic portfolio (25,000 loans)",cutoff_clean_fit,2021,DPD60,DPD60,475.0,507.3553760492005,0.3598484848484848,0.3843601333706063,245.1164852212151
see_artifact_rows_or_cutoff_clean,2018-12-01_or_labelled_in_rows,"Local synthetic portfolio (25,000 loans)",cutoff_clean_fit,2021,DPD60,DPD90,417.0,338.2004724821858,0.3159090909090909,0.2562124791531709,-596.9661175591995
see_artifact_rows_or_cutoff_clean,2018-12-01_or_labelled_in_rows,"Local synthetic portfolio (25,000 loans)",cutoff_clean_fit,2021,DPD60,Prepaid,7.0,2.4586601543906124,0.0053030303030303,0.0018626213290837,-34.404089739465064
see_artifact_rows_or_cutoff_clean,2018-12-01_or_labelled_in_rows,"Local synthetic portfolio (25,000 loans)",cutoff_clean_fit,2021,DPD60,Repurchased,0.0,0.1453462764926622,0.0,0.0001101108155247,1.1011081552474409
see_artifact_rows_or_cutoff_clean,2018-12-01_or_labelled_in_rows,"Local synthetic portfolio (25,000 loans)",cutoff_clean_fit,2021,DPD90,DPD120,346.0,365.7553274362898,0.3108715184186882,0.3286211387567743,177.4962033808608
see_artifact_rows_or_cutoff_clean,2018-12-01_or_labelled_in_rows,"Local synthetic portfolio (25,000 loans)",cutoff_clean_fit,2021,DPD90,DPD60,311.0,314.4187311576918,0.279424977538185,0.2824966137984652,30.716362602801752
see_artifact_rows_or_cutoff_clean,2018-12-01_or_labelled_in_rows,"Local synthetic portfolio (25,000 loans)",cutoff_clean_fit,2021,DPD90,DPD90,455.0,430.6302905290692,0.4088050314465409,0.386909515300152,-218.95516146388903
see_artifact_rows_or_cutoff_clean,2018-12-01_or_labelled_in_rows,"Local synthetic portfolio (25,000 loans)",cutoff_clean_fit,2021,DPD90,Prepaid,1.0,2.0730975392702664,0.0008984725965858,0.0018626213290837,9.641487324979932
see_artifact_rows_or_cutoff_clean,2018-12-01_or_labelled_in_rows,"Local synthetic portfolio (25,000 loans)",cutoff_clean_fit,2021,DPD90,Repurchased,0.0,0.1225533376790401,0.0,0.0001101108155247,1.101108155247441
