portfolio_scope,fit_provenance,fit_end,month,as_of_month,undiscounted_loss,discounted_loss,marginal_pd_dollars,expected_default_exposure,cumulative_discounted_loss,scenario
"Local synthetic portfolio (25,000 loans)",production_full_history,full_available_history,1,2019-01-01,367796.8773281169,366304.50742236985,1508094.2900001407,1508094.2900001407,366304.50742236985,baseline
"Local synthetic portfolio (25,000 loans)",production_full_history,full_available_history,2,2019-02-01,374968.7952665727,371932.02752009965,1490341.6349963627,1487962.2074050063,738236.5349424696,baseline
"Local synthetic portfolio (25,000 loans)",production_full_history,full_available_history,3,2019-03-01,339306.34180746163,335192.77746350865,1344601.0192432343,1340267.1409562097,1073429.3124059783,baseline
"Local synthetic portfolio (25,000 loans)",production_full_history,full_available_history,4,2019-04-01,365669.23009671905,359770.30775930773,1383430.2225222376,1376679.2529992298,1433199.6201652861,baseline
"Local synthetic portfolio (25,000 loans)",production_full_history,full_available_history,5,2019-05-01,353956.68398376467,346833.66344356793,1343505.6292390365,1334693.9658686782,1780033.283608854,baseline
"Local synthetic portfolio (25,000 loans)",production_full_history,full_available_history,6,2019-06-01,342040.537062759,333797.38507090195,1302533.6551039992,1291790.2799042673,2113830.668679756,baseline
"Local synthetic portfolio (25,000 loans)",production_full_history,full_available_history,7,2019-07-01,342343.09674563445,332737.04119426105,1278016.5481423056,1265307.4433764766,2446567.709874017,baseline
"Local synthetic portfolio (25,000 loans)",production_full_history,full_available_history,8,2019-08-01,335093.6060871372,324369.448018017,1254603.1211344616,1239993.6911814334,2770937.1578920344,baseline
"Local synthetic portfolio (25,000 loans)",production_full_history,full_available_history,9,2019-09-01,330190.1289740032,318325.99965993036,1239809.5230764037,1223262.1717280946,3089263.1575519647,baseline
"Local synthetic portfolio (25,000 loans)",production_full_history,full_available_history,10,2019-10-01,327708.83202169044,314651.9277952341,1233368.4986409785,1214807.008631084,3403915.085347199,baseline
"Local synthetic portfolio (25,000 loans)",production_full_history,full_available_history,11,2019-11-01,326732.3768644441,312441.4523923004,1233163.679852913,1212504.8498943753,3716356.5377394995,baseline
"Local synthetic portfolio (25,000 loans)",production_full_history,full_available_history,12,2019-12-01,326889.83979524014,311323.65694784775,1237164.6058148614,1214330.3582013296,4027680.1946873474,baseline
"Local synthetic portfolio (25,000 loans)",production_full_history,full_available_history,13,2020-01-01,328014.68265291926,311127.36446461396,1243462.176325318,1218390.5288856158,4338807.5591519615,baseline
"Local synthetic portfolio (25,000 loans)",production_full_history,full_available_history,14,2020-02-01,329036.3225353223,310830.0467441453,1250575.1798082097,1223223.7683482892,4649637.605896107,baseline
"Local synthetic portfolio (25,000 loans)",production_full_history,full_available_history,15,2020-03-01,330019.45141853235,310493.78690456826,1257465.9971102474,1227811.7254842583,4960131.392800675,baseline
"Local synthetic portfolio (25,000 loans)",production_full_history,full_available_history,16,2020-04-01,330959.05073786,310114.3503982823,1263473.7471692562,1231510.419899171,5270245.743198957,baseline
"Local synthetic portfolio (25,000 loans)",production_full_history,full_available_history,17,2020-05-01,331413.56979751756,309280.1968068633,1268208.827731101,1233944.4505034324,5579525.94000582,baseline
"Local synthetic portfolio (25,000 loans)",production_full_history,full_available_history,18,2020-06-01,331499.24350315286,308104.891349629,1271471.9213399708,1234926.0278857765,5887630.831355449,baseline
"Local synthetic portfolio (25,000 loans)",production_full_history,full_available_history,19,2020-07-01,333956.36496819166,309129.17986948846,1283187.7786007787,1244084.407278259,6196760.011224938,baseline
"Local synthetic portfolio (25,000 loans)",production_full_history,full_available_history,20,2020-08-01,334498.9631731748,308375.0816576514,1288195.6772286769,1246703.7963703952,6505135.092882589,baseline
"Local synthetic portfolio (25,000 loans)",production_full_history,full_available_history,21,2020-09-01,334561.49228001,307181.23296526034,1291359.9934083973,1247516.0927643678,6812316.32584785,baseline
"Local synthetic portfolio (25,000 loans)",production_full_history,full_available_history,22,2020-10-01,327507.4743208831,299484.37408576877,1293600.653734193,1247417.5487123982,7111800.699933619,baseline
"Local synthetic portfolio (25,000 loans)",production_full_history,full_available_history,23,2020-11-01,327107.0511686111,297904.5131841961,1294945.4072786847,1246439.2376298732,7409705.213117816,baseline
"Local synthetic portfolio (25,000 loans)",production_full_history,full_available_history,24,2020-12-01,326523.4425028348,296166.3877576732,1295554.976242623,1244739.8108996998,7705871.6008754885,baseline
"Local synthetic portfolio (25,000 loans)",production_full_history,full_available_history,25,2021-01-01,333053.2815266151,300863.3895508296,1295209.9216450471,1242112.3091314815,8006734.990426318,baseline
"Local synthetic portfolio (25,000 loans)",production_full_history,full_available_history,26,2021-02-01,331944.97258397785,298645.4809832925,1293776.6505559857,1238433.6354510405,8305380.4714096105,baseline
"Local synthetic portfolio (25,000 loans)",production_full_history,full_available_history,27,2021-03-01,330506.47592252376,296144.7585807802,1291025.403997332,1233489.8145261372,8601525.229990391,baseline
"Local synthetic portfolio (25,000 loans)",production_full_history,full_available_history,28,2021-04-01,322068.1863911534,287412.8160452579,1286976.5038266755,1227307.054184119,8888938.04603565,baseline
"Local synthetic portfolio (25,000 loans)",production_full_history,full_available_history,29,2021-05-01,320020.917590508,284427.0476661427,1281613.9306575002,1219876.840319146,9173365.093701791,baseline
"Local synthetic portfolio (25,000 loans)",production_full_history,full_available_history,30,2021-06-01,317698.09748922626,281216.86758761544,1275106.9854819416,1211366.8681855404,9454581.961289406,baseline
"Local synthetic portfolio (25,000 loans)",production_full_history,full_available_history,31,2021-07-01,306227.0794401588,269963.20150183584,1257571.43111323,1192411.7220161527,9724545.162791241,baseline
"Local synthetic portfolio (25,000 loans)",production_full_history,full_available_history,32,2021-08-01,302338.89088786166,265453.9658541117,1244268.4369590473,1177512.922808718,9989999.128645353,baseline
"Local synthetic portfolio (25,000 loans)",production_full_history,full_available_history,33,2021-09-01,298398.63962078496,260931.35314071274,1230666.03758351,1162365.3651417356,10250930.481786067,baseline
"Local synthetic portfolio (25,000 loans)",production_full_history,full_available_history,34,2021-10-01,300915.435157149,262064.45382558936,1215928.104920825,1146183.7813923808,10512994.935611656,baseline
"Local synthetic portfolio (25,000 loans)",production_full_history,full_available_history,35,2021-11-01,296394.2138873677,257079.5901984684,1200173.6625454668,1129087.437204832,10770074.525810124,baseline
"Local synthetic portfolio (25,000 loans)",production_full_history,full_available_history,36,2021-12-01,291641.2135489959,251930.64554496997,1183403.1261444595,1111082.7041276114,11022005.171355095,baseline
"Local synthetic portfolio (25,000 loans)",production_full_history,full_available_history,37,2022-01-01,283116.1151986745,243573.9944548968,1175086.175409833,1101048.4297291853,11265579.16580999,baseline
"Local synthetic portfolio (25,000 loans)",production_full_history,full_available_history,38,2022-02-01,279194.8730427562,239225.78692962957,1161318.4747460014,1085935.314629887,11504804.95273962,baseline
"Local synthetic portfolio (25,000 loans)",production_full_history,full_available_history,39,2022-03-01,275114.8310466274,234773.34148729048,1146861.676319054,1070218.6645063688,11739578.29422691,baseline
"Local synthetic portfolio (25,000 loans)",production_full_history,full_available_history,40,2022-04-01,269493.27691488795,229042.9551322579,1125568.1732974658,1048177.5102630325,11968621.249359168,baseline
"Local synthetic portfolio (25,000 loans)",production_full_history,full_available_history,41,2022-05-01,265299.0508714494,224563.37380078892,1110196.890849715,1031707.9262980951,12193184.623159956,baseline
"Local synthetic portfolio (25,000 loans)",production_full_history,full_available_history,42,2022-06-01,261474.11673820467,220427.69428698168,1096342.2036138058,1016689.3497499453,12413612.317446938,baseline
"Local synthetic portfolio (25,000 loans)",production_full_history,full_available_history,43,2022-07-01,257405.07181741192,216116.92429179157,1081426.6360959525,1000728.7410473516,12629729.24173873,baseline
"Local synthetic portfolio (25,000 loans)",production_full_history,full_available_history,44,2022-08-01,253289.25807121914,211798.400151315,1066272.4558461842,984593.1031760372,12841527.641890043,baseline
"Local synthetic portfolio (25,000 loans)",production_full_history,full_available_history,45,2022-09-01,249169.99170100637,207508.48813146193,1051059.1851379573,968447.2274197806,13049036.130021505,baseline
"Local synthetic portfolio (25,000 loans)",production_full_history,full_available_history,46,2022-10-01,245045.11454088718,203245.24878163642,1035776.4704204897,952283.4804142901,13252281.378803141,baseline
"Local synthetic portfolio (25,000 loans)",production_full_history,full_available_history,47,2022-11-01,240928.091773895,199019.67813225146,1020480.6385819092,936154.8382483107,13451301.056935392,baseline
"Local synthetic portfolio (25,000 loans)",production_full_history,full_available_history,48,2022-12-01,236826.40362673684,194837.6683597775,1005202.2745733319,920090.122091844,13646138.72529517,baseline
"Local synthetic portfolio (25,000 loans)",production_full_history,full_available_history,49,2023-01-01,232743.67436386822,190701.85393261752,989955.6752661924,904103.1655087528,13836840.579227787,baseline
"Local synthetic portfolio (25,000 loans)",production_full_history,full_available_history,50,2023-02-01,228683.58131517252,186614.86663519058,974755.6709673505,888208.1887202911,14023455.445862977,baseline
"Local synthetic portfolio (25,000 loans)",production_full_history,full_available_history,51,2023-03-01,224650.94832946398,182580.22384585044,959622.3190117539,872424.0105444036,14206035.669708828,baseline
"Local synthetic portfolio (25,000 loans)",production_full_history,full_available_history,52,2023-04-01,220651.61926131917,178602.20770762852,944580.3583832695,856773.4886254895,14384637.877416456,baseline
"Local synthetic portfolio (25,000 loans)",production_full_history,full_available_history,53,2023-05-01,216691.99622833027,174685.47677412353,929657.217604908,841281.6721459575,14559323.35419058,baseline
"Local synthetic portfolio (25,000 loans)",production_full_history,full_available_history,54,2023-06-01,212778.59176357414,170834.6980724765,914881.0738704501,825974.0286816168,14730158.052263057,baseline
"Local synthetic portfolio (25,000 loans)",production_full_history,full_available_history,55,2023-07-01,208911.8715120923,167049.62264325054,900257.1974259383,810855.7893615344,14897207.674906308,baseline
"Local synthetic portfolio (25,000 loans)",production_full_history,full_available_history,56,2023-08-01,205097.4911661235,163334.1332650604,885799.2339008861,795938.1857311869,15060541.80817137,baseline
"Local synthetic portfolio (25,000 loans)",production_full_history,full_available_history,57,2023-09-01,201370.23945376516,159715.1508167881,871672.4410381739,781367.7798132059,15220256.958988158,baseline
"Local synthetic portfolio (25,000 loans)",production_full_history,full_available_history,58,2023-10-01,197714.8010636605,156179.5749725308,857807.6205216902,767082.2935811804,15376436.533960689,baseline
"Local synthetic portfolio (25,000 loans)",production_full_history,full_available_history,59,2023-11-01,194129.4245050699,152725.18035028176,844197.1663131892,753074.2242800489,15529161.71431097,baseline
"Local synthetic portfolio (25,000 loans)",production_full_history,full_available_history,60,2023-12-01,190615.10612507933,149351.92337316184,830846.4483645409,739347.5804289236,15678513.637684133,baseline
"Local synthetic portfolio (25,000 loans)",production_full_history,full_available_history,61,2024-01-01,187171.53011078085,146058.73011357067,817754.7184599257,725900.9460740488,15824572.367797704,baseline
"Local synthetic portfolio (25,000 loans)",production_full_history,full_available_history,62,2024-02-01,183798.4296490597,142844.57502145108,804921.4127105803,712733.0173228092,15967416.942819156,baseline
"Local synthetic portfolio (25,000 loans)",production_full_history,full_available_history,63,2024-03-01,180495.95435171967,139708.76446693914,792347.9198171422,699844.1234400102,16107125.707286095,baseline
"Local synthetic portfolio (25,000 loans)",production_full_history,full_available_history,64,2024-04-01,177264.5838426538,136650.86351166613,780037.2515274967,687235.911925876,16243776.570797762,baseline
"Local synthetic portfolio (25,000 loans)",production_full_history,full_available_history,65,2024-05-01,174104.91905237758,133670.53049073782,767993.12158759,674910.5312991668,16377447.1012885,baseline
"Local synthetic portfolio (25,000 loans)",production_full_history,full_available_history,66,2024-06-01,171017.49479054587,130767.3718287136,756219.0966885507,662869.8917551595,16508214.473117214,baseline
"Local synthetic portfolio (25,000 loans)",production_full_history,full_available_history,67,2024-07-01,167995.20843492783,127935.17724007883,744684.3823401987,651086.0192546761,16636149.650357293,baseline
"Local synthetic portfolio (25,000 loans)",production_full_history,full_available_history,68,2024-08-01,165044.1314000114,125177.8222264848,733420.44038671,639584.5471532544,16761327.472583778,baseline
"Local synthetic portfolio (25,000 loans)",production_full_history,full_available_history,69,2024-09-01,162187.13691133316,122511.80475470677,722526.5490988159,628450.7206500517,16883839.277338486,baseline
"Local synthetic portfolio (25,000 loans)",production_full_history,full_available_history,70,2024-10-01,159406.39617162754,119922.72788911208,711926.3044921298,617616.213998624,17003762.0052276,baseline
"Local synthetic portfolio (25,000 loans)",production_full_history,full_available_history,71,2024-11-01,156696.2078931835,117405.50664517508,701596.2630285434,607059.1164110412,17121167.511872776,baseline
"Local synthetic portfolio (25,000 loans)",production_full_history,full_available_history,72,2024-12-01,154053.14702882114,114956.83021323245,691522.5566118953,596765.9794839495,17236124.34208601,baseline
"Local synthetic portfolio (25,000 loans)",production_full_history,full_available_history,73,2025-01-01,151472.94148939193,112572.80556866396,681687.4538899879,586720.1211983159,17348697.147654675,baseline
"Local synthetic portfolio (25,000 loans)",production_full_history,full_available_history,74,2025-02-01,148951.80064900767,110249.95310669365,672075.3042334236,576906.7678207401,17458947.10076137,baseline
"Local synthetic portfolio (25,000 loans)",production_full_history,full_available_history,75,2025-03-01,146486.80496743091,107985.48607080903,662674.2794900781,567314.5246966657,17566932.586832177,baseline
"Local synthetic portfolio (25,000 loans)",production_full_history,full_available_history,76,2025-04-01,144075.82904750685,105777.24053965746,653476.0474516544,557935.0590408063,17672709.827371836,baseline
"Local synthetic portfolio (25,000 loans)",production_full_history,full_available_history,77,2025-05-01,141717.32399167068,103623.50407143187,644474.81762677,548762.2522496815,17776333.33144327,baseline
"Local synthetic portfolio (25,000 loans)",production_full_history,full_available_history,78,2025-06-01,139410.1048088228,101522.8520475158,635666.4039371494,539791.3787086535,17877856.183490783,baseline
"Local synthetic portfolio (25,000 loans)",production_full_history,full_available_history,79,2025-07-01,137150.5777466071,99472.13112891169,627033.7403484767,531006.694637708,17977328.314619694,baseline
"Local synthetic portfolio (25,000 loans)",production_full_history,full_available_history,80,2025-08-01,134930.25646709543,97464.7003789246,618546.806444785,522381.2424998638,18074793.01499862,baseline
"Local synthetic portfolio (25,000 loans)",production_full_history,full_available_history,81,2025-09-01,132780.8985078937,95522.9738104606,610343.1152117791,514031.9639548707,18170315.98880908,baseline
"Local synthetic portfolio (25,000 loans)",production_full_history,full_available_history,82,2025-10-01,130683.9976290802,93632.98470371858,602341.7499847335,505888.0511501869,18263948.9735128,baseline
"Local synthetic portfolio (25,000 loans)",production_full_history,full_available_history,83,2025-11-01,128633.63464159599,91789.96886949214,594517.4674114612,497926.7730194159,18355738.94238229,baseline
"Local synthetic portfolio (25,000 loans)",production_full_history,full_available_history,84,2025-12-01,126626.9912133428,89991.43854587365,586858.2885190897,490136.8900816024,18445730.380928166,baseline
"Local synthetic portfolio (25,000 loans)",production_full_history,full_available_history,85,2026-01-01,124660.37660897872,88234.32470218754,579348.2567930918,482503.89461756096,18533964.705630355,baseline
"Local synthetic portfolio (25,000 loans)",production_full_history,full_available_history,86,2026-02-01,122730.52126829368,86515.90108908026,571973.3060432225,475015.00811369234,18620480.606719434,baseline
"Local synthetic portfolio (25,000 loans)",production_full_history,full_available_history,87,2026-03-01,120834.98211447406,84834.06231506563,564723.0878033148,467660.7026401457,18705314.6690345,baseline
"Local synthetic portfolio (25,000 loans)",production_full_history,full_available_history,88,2026-04-01,118972.09361798086,83187.27745714835,557590.7543701663,460434.4798099098,18788501.946491648,baseline
"Local synthetic portfolio (25,000 loans)",production_full_history,full_available_history,89,2026-05-01,117140.7723103494,81574.4425964975,550572.0815046076,453332.09818560025,18870076.389088146,baseline
"Local synthetic portfolio (25,000 loans)",production_full_history,full_available_history,90,2026-06-01,115340.31805069628,79994.73455284412,543664.574123824,446350.79731466435,18950071.12364099,baseline
"Local synthetic portfolio (25,000 loans)",production_full_history,full_available_history,91,2026-07-01,113562.37887847458,78442.0551533635,536831.2555133555,439459.37397103745,19028513.178794354,baseline
"Local synthetic portfolio (25,000 loans)",production_full_history,full_available_history,92,2026-08-01,111815.13667811963,76921.77658158964,530108.0007371772,432686.4080374402,19105434.955375943,baseline
"Local synthetic portfolio (25,000 loans)",production_full_history,full_available_history,93,2026-09-01,110116.94130921642,75446.14810291785,523583.44321011804,426105.4426359854,19180881.10347886,baseline
"Local synthetic portfolio (25,000 loans)",production_full_history,full_available_history,94,2026-10-01,108451.89377593096,74003.84712262005,517184.13223802083,419654.37829313485,19254884.95060148,baseline
"Local synthetic portfolio (25,000 loans)",production_full_history,full_available_history,95,2026-11-01,106815.33506504502,72591.36944735105,510888.9266982885,413314.9858947133,19327476.32004883,baseline
"Local synthetic portfolio (25,000 loans)",production_full_history,full_available_history,96,2026-12-01,105204.61623479839,71206.62533483378,504686.0408734735,407076.9747395731,19398682.945383664,baseline
"Local synthetic portfolio (25,000 loans)",production_full_history,full_available_history,97,2027-01-01,103616.50375683513,69847.1623132187,498560.7344248133,400927.7220613914,19468530.107696883,baseline
"Local synthetic portfolio (25,000 loans)",production_full_history,full_available_history,98,2027-02-01,102048.3767498476,68510.97663831273,492501.01364192105,394856.9761186361,19537041.084335197,baseline
"Local synthetic portfolio (25,000 loans)",production_full_history,full_available_history,99,2027-03-01,100498.52767785461,67196.70563390305,486499.1123009967,388858.0372514532,19604237.7899691,baseline
"Local synthetic portfolio (25,000 loans)",production_full_history,full_available_history,100,2027-04-01,98966.05310026697,65903.54224880763,480551.02695296094,382927.3340992107,19670141.33221791,baseline
"Local synthetic portfolio (25,000 loans)",production_full_history,full_available_history,101,2027-05-01,97450.62897174351,64631.07496961365,474655.4897478803,377063.5485308281,19734772.40718752,baseline
"Local synthetic portfolio (25,000 loans)",production_full_history,full_available_history,102,2027-06-01,95952.29831274583,63379.13966653405,468812.98478414735,371266.78913798387,19798151.546854056,baseline
"Local synthetic portfolio (25,000 loans)",production_full_history,full_available_history,103,2027-07-01,94459.66378846686,62140.047148237056,462972.7648868974,365495.0612095265,19860291.594002295,baseline
"Local synthetic portfolio (25,000 loans)",production_full_history,full_available_history,104,2027-08-01,92995.9558276725,60928.91866995498,457235.8808252753,359831.16619420494,19921220.51267225,baseline
"Local synthetic portfolio (25,000 loans)",production_full_history,full_available_history,105,2027-09-01,91563.50672403266,59746.9926666882,451623.4545976698,354291.7180789843,19980967.505338937,baseline
"Local synthetic portfolio (25,000 loans)",production_full_history,full_available_history,106,2027-10-01,90151.544190276,58586.968723831575,446082.7966282562,348832.97613289434,20039554.474062767,baseline
"Local synthetic portfolio (25,000 loans)",production_full_history,full_available_history,107,2027-11-01,88757.28653847217,57446.83413388313,440600.47303734877,343443.5708655919,20097001.30819665,baseline
"Local synthetic portfolio (25,000 loans)",production_full_history,full_available_history,108,2027-12-01,87378.55752888066,56324.99726936619,435166.50590377627,338115.0564551802,20153326.305466015,baseline
"Local synthetic portfolio (25,000 loans)",production_full_history,full_available_history,109,2028-01-01,86012.93178445329,55219.73072003858,429769.3834268225,332837.841047475,20208546.036186054,baseline
"Local synthetic portfolio (25,000 loans)",production_full_history,full_available_history,110,2028-02-01,84658.65212316043,54129.76082957029,424400.65347446915,327604.90689601266,20262675.797015626,baseline
"Local synthetic portfolio (25,000 loans)",production_full_history,full_available_history,111,2028-03-01,83314.79682269144,53054.3652766225,419055.8465235451,322412.5182398438,20315730.16229225,baseline
"Local synthetic portfolio (25,000 loans)",production_full_history,full_available_history,112,2028-04-01,81981.13515592314,51993.27046859017,413733.8430384168,317259.6694913044,20367723.43276084,baseline
"Local synthetic portfolio (25,000 loans)",production_full_history,full_available_history,113,2028-05-01,80657.91162467598,50946.50626204786,408435.86173358577,312147.2385298322,20418669.939022887,baseline
"Local synthetic portfolio (25,000 loans)",production_full_history,full_available_history,114,2028-06-01,79345.65458460108,49914.279454022166,403164.5463557922,307077.2319143271,20468584.21847691,baseline
"Local synthetic portfolio (25,000 loans)",production_full_history,full_available_history,115,2028-07-01,78043.53247216993,48895.94032025268,397914.8903797068,302045.4044449226,20517480.158797164,baseline
"Local synthetic portfolio (25,000 loans)",production_full_history,full_available_history,116,2028-08-01,76740.36816622126,47884.39309858127,392637.3699168628,297011.8238564138,20565364.551895745,baseline
"Local synthetic portfolio (25,000 loans)",production_full_history,full_available_history,117,2028-09-01,75474.70592565881,46903.55530326153,387514.34471597825,292123.1958611123,20612268.107199006,baseline
"Local synthetic portfolio (25,000 loans)",production_full_history,full_available_history,118,2028-10-01,74228.09229538467,45941.67849258151,382457.9713513579,287308.1061441685,20658209.78569159,baseline
"Local synthetic portfolio (25,000 loans)",production_full_history,full_available_history,119,2028-11-01,72995.72618239808,44995.617642587145,377445.60663101065,282548.0342212341,20703205.403334178,baseline
"Local synthetic portfolio (25,000 loans)",production_full_history,full_available_history,120,2028-12-01,71776.28885951902,44064.41502082867,372470.9575285837,277837.6914579843,20747269.818355005,baseline
"Local synthetic portfolio (25,000 loans)",production_full_history,full_available_history,1,2019-01-01,446066.30231430853,444256.34696510126,1584710.7363396734,1584710.7363396734,444256.34696510126,adverse
"Local synthetic portfolio (25,000 loans)",production_full_history,full_available_history,2,2019-02-01,462387.16963913373,458642.4248473843,1603393.873950861,1600834.693870148,902898.7718124855,adverse
"Local synthetic portfolio (25,000 loans)",production_full_history,full_available_history,3,2019-03-01,421659.7797691783,416547.80742554966,1462547.5924126972,1457830.0554911527,1319446.5792380353,adverse
"Local synthetic portfolio (25,000 loans)",production_full_history,full_available_history,4,2019-04-01,516234.9088977794,507907.0831339241,1601028.6701094736,1593205.063076883,1827353.6623719593,adverse
"Local synthetic portfolio (25,000 loans)",production_full_history,full_available_history,5,2019-05-01,523914.4917710008,513371.24211629806,1632918.149551996,1622189.5752592997,2340724.904488257,adverse
"Local synthetic portfolio (25,000 loans)",production_full_history,full_available_history,6,2019-06-01,530716.8751388257,517926.63716299756,1661482.0931623937,1647753.5164683347,2858651.5416512545,adverse
"Local synthetic portfolio (25,000 loans)",production_full_history,full_available_history,7,2019-07-01,615639.419192552,598364.7420730278,1748174.4504667448,1730761.106556298,3457016.2837242824,adverse
"Local synthetic portfolio (25,000 loans)",production_full_history,full_available_history,8,2019-08-01,641679.119146862,621143.1609000331,1829329.41677136,1807999.8646425668,4078159.4446243155,adverse
"Local synthetic portfolio (25,000 loans)",production_full_history,full_available_history,9,2019-09-01,676032.1864990288,651741.5352126866,1934989.7872119846,1909144.6463442743,4729900.979837002,adverse
"Local synthetic portfolio (25,000 loans)",production_full_history,full_available_history,10,2019-10-01,793611.6564708865,761991.7842580624,2111237.9855367877,2079460.1958101995,5491892.764095064,adverse
"Local synthetic portfolio (25,000 loans)",production_full_history,full_available_history,11,2019-11-01,852693.1952186506,815397.3074718532,2277450.902028534,2239316.2788697546,6307290.071566917,adverse
"Local synthetic portfolio (25,000 loans)",production_full_history,full_available_history,12,2019-12-01,915882.7666138373,872269.3015369879,2455687.2112617255,2410413.6699271537,7179559.373103905,adverse
"Local synthetic portfolio (25,000 loans)",production_full_history,full_available_history,13,2020-01-01,1017486.0752632598,965102.410708457,2685227.1021042573,2631173.8402242465,8144661.783812362,adverse
"Local synthetic portfolio (25,000 loans)",production_full_history,full_available_history,14,2020-02-01,1091897.7106420002,1031480.7004392163,2892199.973378011,2829075.731177874,9176142.484251577,adverse
"Local synthetic portfolio (25,000 loans)",production_full_history,full_available_history,15,2020-03-01,1166481.0254032786,1097465.9504856362,3100656.944605154,3027715.674601207,10273608.434737213,adverse
"Local synthetic portfolio (25,000 loans)",production_full_history,full_available_history,16,2020-04-01,1258564.335928349,1179296.5341201874,3294201.5627179528,3211094.571770125,11452904.9688574,adverse
"Local synthetic portfolio (25,000 loans)",production_full_history,full_available_history,17,2020-05-01,1324570.8900066428,1236109.7519217064,3478134.8168972316,3384440.4473929824,12689014.720779106,adverse
"Local synthetic portfolio (25,000 loans)",production_full_history,full_available_history,18,2020-06-01,1387206.2885914368,1289309.25545814,3653760.5073980684,3549065.425215518,13978323.976237247,adverse
"Local synthetic portfolio (25,000 loans)",production_full_history,full_available_history,19,2020-07-01,1446812.9240143988,1339253.0867550527,3861263.7999229543,3743970.632496574,15317577.062992299,adverse
"Local synthetic portfolio (25,000 loans)",production_full_history,full_available_history,20,2020-08-01,1504356.6202914142,1386868.5607387747,4026552.3554972936,3897276.5519424938,16704445.623731073,adverse
"Local synthetic portfolio (25,000 loans)",production_full_history,full_available_history,21,2020-09-01,1555017.030007344,1427755.6131888821,4173955.938182763,4032699.2615364147,18132201.236919954,adverse
"Local synthetic portfolio (25,000 loans)",production_full_history,full_available_history,22,2020-10-01,1532832.5224409164,1401676.067129246,4237960.025859519,4087143.477169442,19533877.3040492,adverse
"Local synthetic portfolio (25,000 loans)",production_full_history,full_available_history,23,2020-11-01,1556540.3225822987,1417579.9188487425,4314767.224322712,4153650.3563966155,20951457.222897943,adverse
"Local synthetic portfolio (25,000 loans)",production_full_history,full_available_history,24,2020-12-01,1576204.8673916482,1429664.2788132862,4380304.079804826,4209018.216169942,22381121.50171123,adverse
"Local synthetic portfolio (25,000 loans)",production_full_history,full_available_history,25,2021-01-01,1445757.6273791124,1306023.8837715373,4366562.483308473,4188077.3560680766,23687145.38548277,adverse
"Local synthetic portfolio (25,000 loans)",production_full_history,full_available_history,26,2021-02-01,1442811.197619884,1298073.7160351514,4367731.708002868,4181419.1498180665,24985219.10151792,adverse
"Local synthetic portfolio (25,000 loans)",production_full_history,full_available_history,27,2021-03-01,1435698.9633907739,1286433.8640302625,4355945.0111792255,4162334.8979828022,26271652.96554818,adverse
"Local synthetic portfolio (25,000 loans)",production_full_history,full_available_history,28,2021-04-01,1244040.4932886392,1110178.516719964,4240229.522738302,4044130.632051533,27381831.482268143,adverse
"Local synthetic portfolio (25,000 loans)",production_full_history,full_available_history,29,2021-05-01,1218501.4131184225,1082975.332111776,4161658.5723883742,3961660.237055342,28464806.81437992,adverse
"Local synthetic portfolio (25,000 loans)",production_full_history,full_available_history,30,2021-06-01,1191768.0097366227,1054917.449106302,4078492.4353245697,3875064.9907729123,29519724.26348622,adverse
"Local synthetic portfolio (25,000 loans)",production_full_history,full_available_history,31,2021-07-01,1066842.943725539,940505.774715689,3992966.620456606,3786494.5289332736,30460230.03820191,adverse
"Local synthetic portfolio (25,000 loans)",production_full_history,full_available_history,32,2021-08-01,1040007.7600698428,913128.2569002607,3900230.409294975,3691373.25191759,31373358.29510217,adverse
"Local synthetic portfolio (25,000 loans)",production_full_history,full_available_history,33,2021-09-01,1012226.0104578002,885129.7141589974,3803628.4878249005,3592898.796383323,32258488.00926117,adverse
"Local synthetic portfolio (25,000 loans)",production_full_history,full_available_history,34,2021-10-01,850621.0706754584,740797.9792817421,3629011.0485668853,3421197.0375584583,32999285.98854291,adverse
"Local synthetic portfolio (25,000 loans)",production_full_history,full_available_history,35,2021-11-01,819068.1047305979,710424.4375998346,3501127.292949376,3294074.768744396,33709710.426142745,adverse
"Local synthetic portfolio (25,000 loans)",production_full_history,full_available_history,36,2021-12-01,789651.7365024356,682130.8597364738,3381901.734774262,3175519.809730501,34391841.28587922,adverse
"Local synthetic portfolio (25,000 loans)",production_full_history,full_available_history,37,2022-01-01,721712.2136143767,620912.4711731087,3270940.7076458978,3065119.8269303055,35012753.757052325,adverse
"Local synthetic portfolio (25,000 loans)",production_full_history,full_available_history,38,2022-02-01,696397.0908239245,596702.0105069956,3162349.998652813,2957322.0978499926,35609455.76755932,adverse
"Local synthetic portfolio (25,000 loans)",production_full_history,full_available_history,39,2022-03-01,671862.4878006314,573343.8676527933,3056980.3639176055,2852910.8341657915,36182799.635212116,adverse
"Local synthetic portfolio (25,000 loans)",production_full_history,full_available_history,40,2022-04-01,650904.923078786,553205.5893890986,2961114.7164968043,2757721.2711305204,36736005.22460122,adverse
"Local synthetic portfolio (25,000 loans)",production_full_history,full_available_history,41,2022-05-01,626653.5460619102,530433.2376827014,2850482.3671075925,2649143.891399491,37266438.46228392,adverse
"Local synthetic portfolio (25,000 loans)",production_full_history,full_available_history,42,2022-06-01,602096.2220857556,507578.660667768,2738657.4117250345,2539857.6519291457,37774017.12295169,adverse
"Local synthetic portfolio (25,000 loans)",production_full_history,full_available_history,43,2022-07-01,579735.5790422087,486745.1498158391,2637005.2966186875,2440389.925022558,38260762.27276753,adverse
"Local synthetic portfolio (25,000 loans)",production_full_history,full_available_history,44,2022-08-01,558370.8128753568,466905.0940365472,2540028.615855746,2345605.894623852,38727667.36680408,adverse
"Local synthetic portfolio (25,000 loans)",production_full_history,full_available_history,45,2022-09-01,537874.2564817081,447941.0743059501,2447135.6523691397,2254932.436668582,39175608.44111003,adverse
"Local synthetic portfolio (25,000 loans)",production_full_history,full_available_history,46,2022-10-01,518124.03719227994,429742.2906642761,2357753.7492075735,2167825.6405979516,39605350.73177431,adverse
"Local synthetic portfolio (25,000 loans)",production_full_history,full_available_history,47,2022-11-01,499063.0218678194,412253.1384719333,2271609.3841550876,2084017.7136058905,40017603.87024624,adverse
"Local synthetic portfolio (25,000 loans)",production_full_history,full_available_history,48,2022-12-01,480688.3630902825,395463.50591803406,2188677.633770467,2003469.9122293144,40413067.37616427,adverse
"Local synthetic portfolio (25,000 loans)",production_full_history,full_available_history,49,2023-01-01,463005.6275555283,379370.27417567314,2108972.3020411753,1926178.961365517,40792437.650339946,adverse
"Local synthetic portfolio (25,000 loans)",production_full_history,full_available_history,50,2023-02-01,446017.32062792784,363967.81232515833,2032493.8882518504,1852129.0752063408,41156405.4626651,adverse
"Local synthetic portfolio (25,000 loans)",production_full_history,full_available_history,51,2023-03-01,429720.0526044798,349245.72533080366,1959216.8227802669,1781280.4290770935,41505651.18799591,adverse
"Local synthetic portfolio (25,000 loans)",production_full_history,full_available_history,52,2023-04-01,414104.8361771094,335189.1919544275,1889090.9004966973,1713570.7334161715,41840840.37995034,adverse
"Local synthetic portfolio (25,000 loans)",production_full_history,full_available_history,53,2023-05-01,399158.20454977965,321779.9571914473,1822046.395985095,1648920.1469328804,42162620.33714178,adverse
"Local synthetic portfolio (25,000 loans)",production_full_history,full_available_history,54,2023-06-01,384863.3778710675,308997.3404411484,1757999.3624909502,1587236.296356997,42471617.67758293,adverse
"Local synthetic portfolio (25,000 loans)",production_full_history,full_available_history,55,2023-07-01,371193.234275982,296812.6668184165,1696824.4434553278,1528390.8982582858,42768430.344401345,adverse
"Local synthetic portfolio (25,000 loans)",production_full_history,full_available_history,56,2023-08-01,358119.0536538959,285196.3956345274,1638365.7469040058,1472227.4292609114,43053626.74003587,adverse
"Local synthetic portfolio (25,000 loans)",production_full_history,full_available_history,57,2023-09-01,345677.8241356163,274171.5258699655,1582811.3206435351,1418896.6411438596,43327798.265905835,adverse
"Local synthetic portfolio (25,000 loans)",production_full_history,full_available_history,58,2023-10-01,333811.2964009771,263685.39994204964,1529883.9856305285,1368136.1455294595,43591483.66584788,adverse
"Local synthetic portfolio (25,000 loans)",production_full_history,full_available_history,59,2023-11-01,322486.668820083,253706.17968747186,1479428.3048561995,1319792.9677691646,43845189.84553535,adverse
"Local synthetic portfolio (25,000 loans)",production_full_history,full_available_history,60,2023-12-01,311678.13044326927,244207.970718271,1431323.1554367885,1273745.5956564955,44089397.816253625,adverse
"Local synthetic portfolio (25,000 loans)",production_full_history,full_available_history,61,2024-01-01,301359.4689084554,235164.93833446418,1385445.4926194253,1229871.7717591177,44324562.75458809,adverse
"Local synthetic portfolio (25,000 loans)",production_full_history,full_available_history,62,2024-02-01,291505.9691412564,226552.7858845449,1341679.4587725084,1188056.4339091189,44551115.540472634,adverse
"Local synthetic portfolio (25,000 loans)",production_full_history,full_available_history,63,2024-03-01,282094.8814899103,218349.08985608243,1299918.692859241,1148193.639124519,44769464.630328715,adverse
"Local synthetic portfolio (25,000 loans)",production_full_history,full_available_history,64,2024-04-01,273105.22782941343,210533.1161105833,1260065.4624403282,1110185.7100243676,44979997.7464393,adverse
"Local synthetic portfolio (25,000 loans)",production_full_history,full_available_history,65,2024-05-01,264517.4348799832,203085.50750263073,1222028.9365333964,1073941.6553506663,45183083.25394193,adverse
"Local synthetic portfolio (25,000 loans)",production_full_history,full_available_history,66,2024-06-01,256313.00751435524,195988.00929235955,1185723.6217379475,1039375.7577999771,45379071.26323429,adverse
"Local synthetic portfolio (25,000 loans)",production_full_history,full_available_history,67,2024-07-01,248462.59525829935,189214.36187397622,1151013.7288449819,1006359.31391839,45568285.625108264,adverse
"Local synthetic portfolio (25,000 loans)",production_full_history,full_available_history,68,2024-08-01,240960.54757662778,182756.6744256952,1117876.3317098399,974861.6858631099,45751042.29953396,adverse
"Local synthetic portfolio (25,000 loans)",production_full_history,full_available_history,69,2024-09-01,233821.07067070247,176622.15329200935,1086374.7204553732,944928.7271002533,45927664.45282597,adverse
"Local synthetic portfolio (25,000 loans)",production_full_history,full_available_history,70,2024-10-01,227003.84304829844,170776.836773562,1056324.3777221702,916390.3411811894,46098441.28959953,adverse
"Local synthetic portfolio (25,000 loans)",production_full_history,full_available_history,71,2024-11-01,220486.68416045076,165200.87633530097,1027624.0100927167,889149.8807554117,46263642.16593483,adverse
"Local synthetic portfolio (25,000 loans)",production_full_history,full_available_history,72,2024-12-01,214251.73675090002,159877.94471965916,1000191.9370641126,863128.4609440678,46423520.11065449,adverse
"Local synthetic portfolio (25,000 loans)",production_full_history,full_available_history,73,2025-01-01,208281.12707934104,154791.94232170432,973946.4249067088,838247.7963927777,46578312.05297619,adverse
"Local synthetic portfolio (25,000 loans)",production_full_history,full_available_history,74,2025-02-01,202558.52598609653,149928.15054281728,948812.8890929872,814436.3854505836,46728240.20351901,adverse
"Local synthetic portfolio (25,000 loans)",production_full_history,full_available_history,75,2025-03-01,197069.52499445376,145273.4835127366,924725.6160092776,791630.9133572499,46873513.687031746,adverse
"Local synthetic portfolio (25,000 loans)",production_full_history,full_available_history,76,2025-04-01,191801.44070526905,140816.31362776578,901626.86481525,769775.3967398899,47014330.00065951,adverse
"Local synthetic portfolio (25,000 loans)",production_full_history,full_available_history,77,2025-05-01,186742.96268849118,136546.18651703765,879465.2500094102,748819.7266209032,47150876.18717655,adverse
"Local synthetic portfolio (25,000 loans)",production_full_history,full_available_history,78,2025-06-01,181883.82618493438,132453.56067217133,858194.2346784748,728718.3256488523,47283329.74784872,adverse
"Local synthetic portfolio (25,000 loans)",production_full_history,full_available_history,79,2025-07-01,177210.773681305,128526.86154666047,837750.6357495894,709411.7058915466,47411856.60939538,adverse
"Local synthetic portfolio (25,000 loans)",production_full_history,full_available_history,80,2025-08-01,172706.5187632449,124751.77580983615,818064.6800161295,690834.981825235,47536608.38520522,adverse
"Local synthetic portfolio (25,000 loans)",production_full_history,full_available_history,81,2025-09-01,168403.1077389914,121149.69721488615,799277.8338384675,673104.6794941613,47657758.0824201,adverse
"Local synthetic portfolio (25,000 loans)",production_full_history,full_available_history,82,2025-10-01,164270.28358450663,117697.0189862096,781252.2522099013,656097.828576054,47775455.10140631,adverse
"Local synthetic portfolio (25,000 loans)",production_full_history,full_available_history,83,2025-11-01,160294.11804444506,114382.15320788634,763924.7682018839,639756.1109184044,47889837.2546142,adverse
"Local synthetic portfolio (25,000 loans)",production_full_history,full_available_history,84,2025-12-01,156465.11997976596,111196.83958618909,747252.0206707248,624038.5410745835,48001034.09420039,adverse
"Local synthetic portfolio (25,000 loans)",production_full_history,full_available_history,85,2026-01-01,152773.30209738945,108132.58799440812,731188.3617906463,608902.5504592292,48109166.6821948,adverse
"Local synthetic portfolio (25,000 loans)",production_full_history,full_available_history,86,2026-02-01,149209.60882259643,105181.6909521351,715692.4889763715,594309.6099882238,48214348.37314694,adverse
"Local synthetic portfolio (25,000 loans)",production_full_history,full_available_history,87,2026-03-01,145766.32147730372,102337.49352425513,700729.3055905228,580226.7533260554,48316685.86667119,adverse
"Local synthetic portfolio (25,000 loans)",production_full_history,full_available_history,88,2026-04-01,142436.94834014616,99594.29628739804,686269.4050991728,566626.0793090558,48416280.162958585,adverse
"Local synthetic portfolio (25,000 loans)",production_full_history,full_available_history,89,2026-05-01,139215.95711459708,96947.15066478873,672287.8298657951,553483.6525382625,48513227.313623376,adverse
"Local synthetic portfolio (25,000 loans)",production_full_history,full_available_history,90,2026-06-01,136098.51436398277,94391.66384817786,658762.8622813519,540778.4464934829,48607618.97747155,adverse
"Local synthetic portfolio (25,000 loans)",production_full_history,full_available_history,91,2026-07-01,133071.79699985243,91917.98677262642,645635.5561019161,528458.8429047329,48699536.96424418,adverse
"Local synthetic portfolio (25,000 loans)",production_full_history,full_available_history,92,2026-08-01,130139.50907602126,89527.79148677074,632922.7744548834,516535.65228798625,48789064.75573095,adverse
"Local synthetic portfolio (25,000 loans)",production_full_history,full_available_history,93,2026-09-01,127321.52635992561,87233.79545629029,620721.9800800073,505087.97626402497,48876298.55118724,adverse
"Local synthetic portfolio (25,000 loans)",production_full_history,full_available_history,94,2026-10-01,124595.84811483213,85019.9270383748,608929.4929278594,494026.7510248503,48961318.47822561,adverse
"Local synthetic portfolio (25,000 loans)",production_full_history,full_available_history,95,2026-11-01,121953.92216707044,82879.50615136306,597505.5461643976,483316.644003641,49044197.984376974,adverse
"Local synthetic portfolio (25,000 loans)",production_full_history,full_available_history,96,2026-12-01,119389.9844058628,80807.84087787906,586423.5852716261,472933.59650978295,49125005.82525485,adverse
"Local synthetic portfolio (25,000 loans)",production_full_history,full_available_history,97,2027-01-01,116897.86088400942,78800.03249670405,575654.8809120528,462851.9781680829,49203805.857751556,adverse
"Local synthetic portfolio (25,000 loans)",production_full_history,full_available_history,98,2027-02-01,114472.23200885075,76851.82912922326,565174.6569435241,453049.63367515453,49280657.68688078,adverse
"Local synthetic portfolio (25,000 loans)",production_full_history,full_available_history,99,2027-03-01,112108.93150760213,74959.81327801835,554963.5852296537,443509.06317633844,49355617.5001588,adverse
"Local synthetic portfolio (25,000 loans)",production_full_history,full_available_history,100,2027-04-01,109804.80418189379,73121.29083486674,545007.1489424232,434216.84533260745,49428738.79099367,adverse
"Local synthetic portfolio (25,000 loans)",production_full_history,full_available_history,101,2027-05-01,107557.4432381927,71334.10272275665,535294.410585965,425162.5844152317,49500072.893716425,adverse
"Local synthetic portfolio (25,000 loans)",production_full_history,full_available_history,102,2027-06-01,105364.94623919301,69596.45324893277,525816.8557801885,416337.93474460323,49569669.34696536,adverse
"Local synthetic portfolio (25,000 loans)",production_full_history,full_available_history,103,2027-07-01,103213.75612751894,67898.90430346584,516512.6130412419,407690.7485990978,49637568.25126883,adverse
"Local synthetic portfolio (25,000 loans)",production_full_history,full_available_history,104,2027-08-01,101125.22790760224,66255.04014476204,507475.99579781195,399297.4210211932,49703823.29141359,adverse
"Local synthetic portfolio (25,000 loans)",production_full_history,full_available_history,105,2027-09-01,99101.94627616358,64665.973041663536,498730.3744767352,391175.480273562,49768489.26445525,adverse
"Local synthetic portfolio (25,000 loans)",production_full_history,full_available_history,106,2027-10-01,97130.359189657,63122.305525552634,490208.68648575485,383268.54390535376,49831611.56998081,adverse
"Local synthetic portfolio (25,000 loans)",production_full_history,full_available_history,107,2027-11-01,95205.84647378519,61620.56867956192,481888.5544520571,375557.1341865762,49893232.13866037,adverse
"Local synthetic portfolio (25,000 loans)",production_full_history,full_available_history,108,2027-12-01,93324.74655921644,60157.9637358371,473752.866205838,368026.23271395976,49953390.102396205,adverse
"Local synthetic portfolio (25,000 loans)",production_full_history,full_available_history,109,2028-01-01,91483.23464138214,58731.62880849866,465783.3645150312,360660.04460290977,50012121.7312047,adverse
"Local synthetic portfolio (25,000 loans)",production_full_history,full_available_history,110,2028-02-01,89678.25436770442,57339.23631899173,457965.39172652183,353445.83684438845,50069460.967523694,adverse
"Local synthetic portfolio (25,000 loans)",production_full_history,full_available_history,111,2028-03-01,87907.67903494285,55979.08525259347,450288.796370671,346374.6274372664,50125440.052776285,adverse
"Local synthetic portfolio (25,000 loans)",production_full_history,full_available_history,112,2028-04-01,86170.15255929675,54649.987949227536,442747.2144692061,339440.5589870589,50180090.040725514,adverse
"Local synthetic portfolio (25,000 loans)",production_full_history,full_available_history,113,2028-05-01,84464.85907743892,53351.114419323014,435336.9653431252,332639.9734123014,50233441.15514484,adverse
"Local synthetic portfolio (25,000 loans)",production_full_history,full_available_history,114,2028-06-01,82791.32020884371,52081.857726253635,428056.06471756106,325970.5947758201,50285523.012871094,adverse
"Local synthetic portfolio (25,000 loans)",production_full_history,full_available_history,115,2028-07-01,81147.51281129583,50840.65031234919,420893.764491454,319423.02142287506,50336363.66318344,adverse
"Local synthetic portfolio (25,000 loans)",production_full_history,full_available_history,116,2028-08-01,79521.57890029234,49619.81073160317,413796.8385067664,312953.85897757084,50385983.47391505,adverse
"Local synthetic portfolio (25,000 loans)",production_full_history,full_available_history,117,2028-09-01,77951.73446398751,48442.898101757404,406948.9939090716,306710.4558271594,50434426.3720168,adverse
"Local synthetic portfolio (25,000 loans)",production_full_history,full_available_history,118,2028-10-01,76418.1772887459,47297.178513194114,400254.57882823126,300614.64418378664,50481723.550529994,adverse
"Local synthetic portfolio (25,000 loans)",production_full_history,full_available_history,119,2028-11-01,74915.13622929003,46178.769658274825,393686.01065122575,294643.5154742404,50527902.32018827,adverse
"Local synthetic portfolio (25,000 loans)",production_full_history,full_available_history,120,2028-12-01,73440.46245913043,45086.073249822744,387232.9933799845,288788.17935531645,50572988.39343809,adverse
"Local synthetic portfolio (25,000 loans)",production_full_history,full_available_history,1,2019-01-01,481273.0097095192,479320.1998831921,1636965.559302844,1636965.559302844,479320.1998831921,severely_adverse
"Local synthetic portfolio (25,000 loans)",production_full_history,full_available_history,2,2019-02-01,506043.34068498196,501945.0367335368,1683000.994685038,1680315.2772984821,981265.2366167288,severely_adverse
"Local synthetic portfolio (25,000 loans)",production_full_history,full_available_history,3,2019-03-01,464190.3046110881,458562.7154664668,1546326.2955954748,1541335.8687669425,1439827.9520831956,severely_adverse
"Local synthetic portfolio (25,000 loans)",production_full_history,full_available_history,4,2019-04-01,671152.7844769558,660325.8462871613,1911841.4519913185,1902489.7563861546,2100153.7983703567,severely_adverse
"Local synthetic portfolio (25,000 loans)",production_full_history,full_available_history,5,2019-05-01,735592.3557722026,720789.3030359038,2109472.290692488,2095594.7680066882,2820943.1014062604,severely_adverse
"Local synthetic portfolio (25,000 loans)",production_full_history,full_available_history,6,2019-06-01,803081.3437659255,783727.1419647726,2317193.1515812483,2298021.437433445,3604670.243371033,severely_adverse
"Local synthetic portfolio (25,000 loans)",production_full_history,full_available_history,7,2019-07-01,1057911.1539389968,1028226.4504653169,2677157.909416104,2650461.313971677,4632896.69383635,severely_adverse
"Local synthetic portfolio (25,000 loans)",production_full_history,full_available_history,8,2019-08-01,1200480.7589325493,1162061.2093384508,3056097.690931403,3020443.818971545,5794957.903174801,severely_adverse
"Local synthetic portfolio (25,000 loans)",production_full_history,full_available_history,9,2019-09-01,1408627.4998477502,1358013.8159514982,3609328.693653049,3561141.329707672,7152971.719126299,severely_adverse
"Local synthetic portfolio (25,000 loans)",production_full_history,full_available_history,10,2019-10-01,1932859.4903772322,1855848.562434398,4418165.414742367,4351764.210332447,9008820.281560697,severely_adverse
"Local synthetic portfolio (25,000 loans)",production_full_history,full_available_history,11,2019-11-01,2292815.1006919174,2192529.822119194,5272613.040900884,5184537.414024206,11201350.103679892,severely_adverse
"Local synthetic portfolio (25,000 loans)",production_full_history,full_available_history,12,2019-12-01,2701514.422870647,2572870.8789244257,6247234.166552336,6132411.117070116,13774220.982604317,severely_adverse
"Local synthetic portfolio (25,000 loans)",production_full_history,full_available_history,13,2020-01-01,3354125.2414491987,3181443.397643708,7521630.893581018,7370741.821046014,16955664.380248025,severely_adverse
"Local synthetic portfolio (25,000 loans)",production_full_history,full_available_history,14,2020-02-01,3859071.974360077,3645541.3582814857,8697439.325787354,8508307.564632367,20601205.73852951,severely_adverse
"Local synthetic portfolio (25,000 loans)",production_full_history,full_available_history,15,2020-03-01,4381840.825770037,4122588.3679230246,9922500.400809014,9689960.728501149,24723794.106452536,severely_adverse
"Local synthetic portfolio (25,000 loans)",production_full_history,full_available_history,16,2020-04-01,5037799.18666794,4720504.9045416685,11185259.102285862,10904133.732370479,29444299.010994203,severely_adverse
"Local synthetic portfolio (25,000 loans)",production_full_history,full_available_history,17,2020-05-01,5534586.66563037,5164960.669041452,12341510.107213283,12010270.150598485,34609259.68003566,severely_adverse
"Local synthetic portfolio (25,000 loans)",production_full_history,full_available_history,18,2020-06-01,6030575.928306421,5604989.988910385,13502577.43777126,13117040.501330078,40214249.66894604,severely_adverse
"Local synthetic portfolio (25,000 loans)",production_full_history,full_available_history,19,2020-07-01,6592012.101679382,6101944.770167752,14606897.24571863,14164677.396668484,46316194.439113796,severely_adverse
"Local synthetic portfolio (25,000 loans)",production_full_history,full_available_history,20,2020-08-01,6997625.479816293,6451121.128381016,15564164.558756238,15066036.912819482,52767315.56749481,severely_adverse
"Local synthetic portfolio (25,000 loans)",production_full_history,full_available_history,21,2020-09-01,7364101.648004951,6761429.142665344,16438493.339504678,15883790.908551993,59528744.71016015,severely_adverse
"Local synthetic portfolio (25,000 loans)",production_full_history,full_available_history,22,2020-10-01,7150394.965783392,6538573.097405262,16630373.376988618,16040114.794244295,66067317.80756541,severely_adverse
"Local synthetic portfolio (25,000 loans)",production_full_history,full_available_history,23,2020-11-01,7271629.605910898,6622453.6281489525,16965641.177479383,16333636.493146738,72689771.43571436,severely_adverse
"Local synthetic portfolio (25,000 loans)",production_full_history,full_available_history,24,2020-12-01,7359758.677106925,6675518.0744734015,17222309.51821023,16550261.71244458,79365289.51018776,severely_adverse
"Local synthetic portfolio (25,000 loans)",production_full_history,full_available_history,25,2021-01-01,6635048.489594555,5993765.229585363,17046611.62432393,16351084.06329655,85359054.73977312,severely_adverse
"Local synthetic portfolio (25,000 loans)",production_full_history,full_available_history,26,2021-02-01,6574779.03974164,5915221.530236505,16936676.25265973,16215330.038953656,91274276.27000964,severely_adverse
"Local synthetic portfolio (25,000 loans)",production_full_history,full_available_history,27,2021-03-01,6479488.015269853,5805836.054053487,16734516.269025303,15991671.39725549,97080112.32406312,severely_adverse
"Local synthetic portfolio (25,000 loans)",production_full_history,full_available_history,28,2021-04-01,5407163.794827534,4825338.977137894,16269445.02122771,15517818.06453733,101905451.30120102,severely_adverse
"Local synthetic portfolio (25,000 loans)",production_full_history,full_available_history,29,2021-05-01,5258421.669806415,4673561.222771359,15860950.332608666,15099348.891657053,106579012.52397238,severely_adverse
"Local synthetic portfolio (25,000 loans)",production_full_history,full_available_history,30,2021-06-01,5099729.142320317,4514127.929259099,15420001.700520262,14651367.743904145,111093140.45323148,severely_adverse
"Local synthetic portfolio (25,000 loans)",production_full_history,full_available_history,31,2021-07-01,4066721.6396772694,3585134.2587702465,14605327.069855483,13850451.569670025,114678274.71200173,severely_adverse
"Local synthetic portfolio (25,000 loans)",production_full_history,full_available_history,32,2021-08-01,3893857.2609773786,3418812.079917479,14016799.325692631,13266407.850178938,118097086.7919192,severely_adverse
"Local synthetic portfolio (25,000 loans)",production_full_history,full_available_history,33,2021-09-01,3729114.5022809324,3260882.4702867107,13454445.724397877,12709087.631538652,121357969.26220591,severely_adverse
"Local synthetic portfolio (25,000 loans)",production_full_history,full_available_history,34,2021-10-01,2896712.361048791,2522719.8544722106,12687241.186453829,11960600.80038712,123880689.11667812,severely_adverse
"Local synthetic portfolio (25,000 loans)",production_full_history,full_available_history,35,2021-11-01,2753740.6665401566,2388476.1877842196,12087718.185363386,11372611.991754582,126269165.30446234,severely_adverse
"Local synthetic portfolio (25,000 loans)",production_full_history,full_available_history,36,2021-12-01,2618757.3365168674,2262181.048713415,11520712.075076995,10817276.010948427,128531346.35317576,severely_adverse
"Local synthetic portfolio (25,000 loans)",production_full_history,full_available_history,37,2022-01-01,2145155.4037186853,1845546.9058820752,10791163.48879789,10111666.492819753,130376893.25905783,severely_adverse
"Local synthetic portfolio (25,000 loans)",production_full_history,full_available_history,38,2022-02-01,2027692.1370886175,1737411.0128152736,10222494.136590188,9559164.375773922,132114304.2718731,severely_adverse
"Local synthetic portfolio (25,000 loans)",production_full_history,full_available_history,39,2022-03-01,1918878.8173803175,1637503.8384942785,9695163.922264522,9047301.585736528,133751808.11036739,severely_adverse
"Local synthetic portfolio (25,000 loans)",production_full_history,full_available_history,40,2022-04-01,1839694.3474878839,1563560.452091774,9274321.107059376,8636528.294212615,135315368.56245917,severely_adverse
"Local synthetic portfolio (25,000 loans)",production_full_history,full_available_history,41,2022-05-01,1733806.8869127235,1467587.3236833527,8721762.93375873,8104891.904178097,136782955.88614252,severely_adverse
"Local synthetic portfolio (25,000 loans)",production_full_history,full_available_history,42,2022-06-01,1625533.4027900056,1370355.8288418474,8160472.905860631,7567238.3943141205,138153311.71498436,severely_adverse
"Local synthetic portfolio (25,000 loans)",production_full_history,full_available_history,43,2022-07-01,1531989.4994885111,1286256.1578104151,7676063.431362009,7102840.958438814,139439567.87279478,severely_adverse
"Local synthetic portfolio (25,000 loans)",production_full_history,full_available_history,44,2022-08-01,1444615.478994305,1207975.6149737246,7224999.4814417735,6671046.934848187,140647543.4877685,severely_adverse
"Local synthetic portfolio (25,000 loans)",production_full_history,full_available_history,45,2022-09-01,1362390.8515602963,1134597.564985472,6801925.054999655,6266738.302766075,141782141.05275398,severely_adverse
"Local synthetic portfolio (25,000 loans)",production_full_history,full_available_history,46,2022-10-01,1284735.578326747,1065585.0157423583,6403710.490129318,5886899.327591336,142847726.06849635,severely_adverse
"Local synthetic portfolio (25,000 loans)",production_full_history,full_available_history,47,2022-11-01,1211275.5018258663,1000579.2962038701,6028280.532383901,5529493.555126337,143848305.36470023,severely_adverse
"Local synthetic portfolio (25,000 loans)",production_full_history,full_available_history,48,2022-12-01,1141895.554130386,939440.2983369159,5674848.255207877,5193676.760623421,144787745.66303715,severely_adverse
"Local synthetic portfolio (25,000 loans)",production_full_history,full_available_history,49,2023-01-01,1076517.334721019,882059.8543999308,5342817.4647803325,4878783.63987557,145669805.51743707,severely_adverse
"Local synthetic portfolio (25,000 loans)",production_full_history,full_available_history,50,2023-02-01,1015038.9834932365,828312.0434127213,5031491.061896968,4584060.048691758,146498117.5608498,severely_adverse
"Local synthetic portfolio (25,000 loans)",production_full_history,full_available_history,51,2023-03-01,957325.1691176492,778045.4299014534,4740023.905976437,4308621.250033779,147276162.99075124,severely_adverse
"Local synthetic portfolio (25,000 loans)",production_full_history,full_available_history,52,2023-04-01,903214.0785260946,731089.2573433788,4467457.699404784,4051485.2445078995,148007252.24809462,severely_adverse
"Local synthetic portfolio (25,000 loans)",production_full_history,full_available_history,53,2023-05-01,852527.3522641497,687261.8720828132,4212769.38376409,3811617.926475823,148694514.12017742,severely_adverse
"Local synthetic portfolio (25,000 loans)",production_full_history,full_available_history,54,2023-06-01,805078.6638858425,646377.8584565084,3974912.3624384343,3587971.154740055,149340891.97863394,severely_adverse
"Local synthetic portfolio (25,000 loans)",production_full_history,full_available_history,55,2023-07-01,760670.1342445237,608245.2756840261,3752805.742854234,3379474.6743750744,149949137.25431797,severely_adverse
"Local synthetic portfolio (25,000 loans)",production_full_history,full_available_history,56,2023-08-01,719077.5312493333,572654.0322322028,3545212.656221055,3184925.755045746,150521791.28655016,severely_adverse
"Local synthetic portfolio (25,000 loans)",production_full_history,full_available_history,57,2023-09-01,680262.1711467627,539544.3515108234,3351892.3544402136,3004015.2971342057,151061335.638061,severely_adverse
"Local synthetic portfolio (25,000 loans)",production_full_history,full_available_history,58,2023-10-01,643973.5130422883,508689.83515365975,3171520.4218662446,2835478.353302996,151570025.47321466,severely_adverse
"Local synthetic portfolio (25,000 loans)",production_full_history,full_available_history,59,2023-11-01,610025.1241660104,479917.95856801624,3003106.048682447,2678354.9724800116,152049943.43178266,severely_adverse
"Local synthetic portfolio (25,000 loans)",production_full_history,full_available_history,60,2023-12-01,578256.0040902591,453078.7101222102,2845795.477201531,2531814.1823102767,152503022.14190486,severely_adverse
"Local synthetic portfolio (25,000 loans)",production_full_history,full_available_history,61,2024-01-01,548513.602829351,428030.90957186086,2698783.6473925635,2395074.980662813,152931053.05147672,severely_adverse
"Local synthetic portfolio (25,000 loans)",production_full_history,full_available_history,62,2024-02-01,520656.53039432917,404644.1580503551,2561327.035827807,2267416.995216798,153335697.20952708,severely_adverse
"Local synthetic portfolio (25,000 loans)",production_full_history,full_available_history,63,2024-03-01,494554.712222834,382798.7616349391,2432743.833650523,2148179.9827353237,153718495.97116202,severely_adverse
"Local synthetic portfolio (25,000 loans)",production_full_history,full_available_history,64,2024-04-01,470088.4257007934,362384.79174087587,2312408.5789149553,2036758.522875387,154080880.7629029,severely_adverse
"Local synthetic portfolio (25,000 loans)",production_full_history,full_available_history,65,2024-05-01,447147.0932858221,343300.9790431365,2199745.5997342826,1932595.7573003275,154424181.741946,severely_adverse
"Local synthetic portfolio (25,000 loans)",production_full_history,full_available_history,66,2024-06-01,425628.20667559496,325453.7322705125,2094223.1467048554,1835177.8107240347,154749635.47421652,severely_adverse
"Local synthetic portfolio (25,000 loans)",production_full_history,full_available_history,67,2024-07-01,405415.7355461905,308740.5555564356,1995247.9861288294,1743941.9844324682,155058376.02977297,severely_adverse
"Local synthetic portfolio (25,000 loans)",production_full_history,full_available_history,68,2024-08-01,386444.49090591044,293099.0600676465,1902476.941318554,1658546.0067438607,155351475.08984062,severely_adverse
"Local synthetic portfolio (25,000 loans)",production_full_history,full_available_history,69,2024-09-01,368674.91236000526,278487.12136585877,1815697.8940460864,1578766.6229598846,155629962.21120647,severely_adverse
"Local synthetic portfolio (25,000 loans)",production_full_history,full_available_history,70,2024-10-01,351991.174165197,264805.82217876625,1734326.6531811182,1504059.04049535,155894768.03338525,severely_adverse
"Local synthetic portfolio (25,000 loans)",production_full_history,full_available_history,71,2024-11-01,336310.4064595459,251982.44546762502,1657942.6031190874,1434024.6931568885,156146750.47885287,severely_adverse
"Local synthetic portfolio (25,000 loans)",production_full_history,full_available_history,72,2024-12-01,321560.83069036365,239953.64281641314,1586181.4163262523,1368317.112381815,156386704.1216693,severely_adverse
"Local synthetic portfolio (25,000 loans)",production_full_history,full_available_history,73,2025-01-01,307674.92600256996,228660.17707635273,1518701.4327673502,1306612.372215638,156615364.29874563,severely_adverse
"Local synthetic portfolio (25,000 loans)",production_full_history,full_available_history,74,2025-02-01,294591.058898519,218048.05506008046,1455191.273460555,1248615.389386034,156833412.35380572,severely_adverse
"Local synthetic portfolio (25,000 loans)",production_full_history,full_available_history,75,2025-03-01,282253.5310790812,208068.46565841464,1395369.8448900513,1194059.6165396858,157041480.81946415,severely_adverse
"Local synthetic portfolio (25,000 loans)",production_full_history,full_available_history,76,2025-04-01,270611.93347656325,198677.2088662678,1338983.0361650193,1142703.9118732463,157240158.02833042,severely_adverse
"Local synthetic portfolio (25,000 loans)",production_full_history,full_available_history,77,2025-05-01,259620.36323496015,189834.0372859828,1285799.7779075552,1094328.906196775,157429992.0656164,severely_adverse
"Local synthetic portfolio (25,000 loans)",production_full_history,full_available_history,78,2025-06-01,249236.73274897682,181502.07962600465,1235608.5618184884,1048733.8101499176,157611494.1452424,severely_adverse
"Local synthetic portfolio (25,000 loans)",production_full_history,full_available_history,79,2025-07-01,239415.93682015114,173642.82275008108,1188180.2491495628,1005704.3921855974,157785136.96799248,severely_adverse
"Local synthetic portfolio (25,000 loans)",production_full_history,full_available_history,80,2025-08-01,230114.2827706598,166219.35072526053,1143309.9961541744,965048.8685040665,157951356.31871775,severely_adverse
"Local synthetic portfolio (25,000 loans)",production_full_history,full_available_history,81,2025-09-01,221348.96956201913,159239.1078840923,1101065.557414782,926809.7711844943,158110595.42660183,severely_adverse
"Local synthetic portfolio (25,000 loans)",production_full_history,full_available_history,82,2025-10-01,213059.3564849106,152653.60586349678,1061150.1469513788,890718.7318280314,158263249.03246534,severely_adverse
"Local synthetic portfolio (25,000 loans)",production_full_history,full_available_history,83,2025-11-01,205207.96620495038,146431.6302824364,1023378.722832438,856604.6658147349,158409680.66274777,severely_adverse
"Local synthetic portfolio (25,000 loans)",production_full_history,full_available_history,84,2025-12-01,197764.80968487705,140547.75799977873,987602.2170008097,824328.4555653406,158550228.42074755,severely_adverse
"Local synthetic portfolio (25,000 loans)",production_full_history,full_available_history,85,2026-01-01,190701.02200921194,134977.7399580541,953677.5961617503,793757.2849930417,158685206.1607056,severely_adverse
"Local synthetic portfolio (25,000 loans)",production_full_history,full_available_history,86,2026-02-01,183990.30942692593,129699.50137286258,921474.7479255906,764770.3850855102,158814905.66207847,severely_adverse
"Local synthetic portfolio (25,000 loans)",production_full_history,full_available_history,87,2026-03-01,177609.22215321564,124693.29292077094,890877.7044766071,737259.9313014194,158939598.95499924,severely_adverse
"Local synthetic portfolio (25,000 loans)",production_full_history,full_available_history,88,2026-04-01,171536.8658003699,119941.44522063235,861783.188274095,711129.6782453525,159059540.40021986,severely_adverse
"Local synthetic portfolio (25,000 loans)",production_full_history,full_available_history,89,2026-05-01,165754.46397456038,115428.02510114043,834098.4566847722,686293.0257758365,159174968.425321,severely_adverse
"Local synthetic portfolio (25,000 loans)",production_full_history,full_available_history,90,2026-06-01,160244.95630555088,111138.52432295476,807739.3251633473,662671.2612101694,159286106.94964397,severely_adverse
"Local synthetic portfolio (25,000 loans)",production_full_history,full_available_history,91,2026-07-01,154984.19720132794,107053.75375921001,782586.6442412506,640157.3752439521,159393160.70340317,severely_adverse
"Local synthetic portfolio (25,000 loans)",production_full_history,full_available_history,92,2026-08-01,149962.55587696523,103164.80005724802,758594.2973668593,618705.1988844994,159496325.50346044,severely_adverse
"Local synthetic portfolio (25,000 loans)",production_full_history,full_available_history,93,2026-09-01,145196.9559527902,99481.06905862804,735844.6319328306,598376.9369995611,159595806.57251906,severely_adverse
"Local synthetic portfolio (25,000 loans)",production_full_history,full_available_history,94,2026-10-01,140652.98429568962,95976.76522517821,714168.7228743571,579025.1360073512,159691783.33774424,severely_adverse
"Local synthetic portfolio (25,000 loans)",production_full_history,full_available_history,95,2026-11-01,136312.65541430464,92637.65660149479,693478.2524092013,560570.4429716751,159784420.99434572,severely_adverse
"Local synthetic portfolio (25,000 loans)",production_full_history,full_available_history,96,2026-12-01,132162.22491776716,89452.59599763337,673705.6692172565,542951.3955363447,159873873.59034336,severely_adverse
"Local synthetic portfolio (25,000 loans)",production_full_history,full_available_history,97,2027-01-01,128188.17257516559,86410.75284208142,654784.4692263315,526107.9347432454,159960284.34318542,severely_adverse
"Local synthetic portfolio (25,000 loans)",production_full_history,full_available_history,98,2027-02-01,124378.42050368202,83502.42632792021,636655.2374231385,509986.3522920667,160043786.76951334,severely_adverse
"Local synthetic portfolio (25,000 loans)",production_full_history,full_available_history,99,2027-03-01,120722.57049378805,80719.18286049423,619266.8501982397,494540.20049394213,160124505.95237383,severely_adverse
"Local synthetic portfolio (25,000 loans)",production_full_history,full_available_history,100,2027-04-01,117211.69772087171,78053.69448224564,602575.4809106367,479729.393909328,160202559.64685607,severely_adverse
"Local synthetic portfolio (25,000 loans)",production_full_history,full_available_history,101,2027-05-01,113838.03168673014,75499.5061393771,586543.0378827545,465518.8617190865,160278059.15299544,severely_adverse
"Local synthetic portfolio (25,000 loans)",production_full_history,full_available_history,102,2027-06-01,110594.66711952041,73050.82814062027,571135.7412080807,451877.3328515331,160351109.98113605,severely_adverse
"Local synthetic portfolio (25,000 loans)",production_full_history,full_available_history,103,2027-07-01,107464.45736186324,70695.21719006193,556271.0861162418,438733.6827046067,160421805.1983261,severely_adverse
"Local synthetic portfolio (25,000 loans)",production_full_history,full_available_history,104,2027-08-01,104460.7410303847,68440.39547523658,542008.3497600583,426133.8072868204,160490245.59380135,severely_adverse
"Local synthetic portfolio (25,000 loans)",production_full_history,full_available_history,105,2027-09-01,101585.53021446744,66286.56050776152,528367.2766011857,414090.5212111998,160556532.15430912,severely_adverse
"Local synthetic portfolio (25,000 loans)",production_full_history,full_available_history,106,2027-10-01,98820.61479083567,64220.755396056535,515255.5043296932,402525.11572414427,160620752.9097052,severely_adverse
"Local synthetic portfolio (25,000 loans)",production_full_history,full_available_history,107,2027-11-01,96157.53089840602,62236.532274452744,502630.7710993207,391400.38347484387,160682989.44197965,severely_adverse
"Local synthetic portfolio (25,000 loans)",production_full_history,full_available_history,108,2027-12-01,93589.42595256922,60328.57843273141,490459.45417217235,380686.4544050057,160743318.0204124,severely_adverse
"Local synthetic portfolio (25,000 loans)",production_full_history,full_available_history,109,2028-01-01,91109.53630120459,58491.71695702449,478708.0912588207,370353.85634447116,160801809.73736942,severely_adverse
"Local synthetic portfolio (25,000 loans)",production_full_history,full_available_history,110,2028-02-01,88712.03369602462,56721.44602166303,467347.8034268288,360377.08172259975,160858531.1833911,severely_adverse
"Local synthetic portfolio (25,000 loans)",production_full_history,full_available_history,111,2028-03-01,86392.15311733971,55014.007395057284,456355.03692260484,350735.13491461345,160913545.19078615,severely_adverse
"Local synthetic portfolio (25,000 loans)",production_full_history,full_available_history,112,2028-04-01,84146.02226054447,53366.263908488974,445710.75065692305,341410.822881015,160966911.45469463,severely_adverse
"Local synthetic portfolio (25,000 loans)",production_full_history,full_available_history,113,2028-05-01,81970.42748390153,51775.53959670978,435399.25261598395,332389.7755980213,161018686.99429134,severely_adverse
"Local synthetic portfolio (25,000 loans)",production_full_history,full_available_history,114,2028-06-01,79862.60984394913,50239.48250912851,425407.1732015474,323659.5910170429,161068926.47680047,severely_adverse
"Local synthetic portfolio (25,000 loans)",production_full_history,full_available_history,115,2028-07-01,77818.06188739456,48754.678182213494,415711.1212846807,315199.7913025417,161117681.1549827,severely_adverse
"Local synthetic portfolio (25,000 loans)",production_full_history,full_available_history,116,2028-08-01,75825.26274475972,47313.386354998875,406258.03934879065,306966.3326829325,161164994.5413377,severely_adverse
"Local synthetic portfolio (25,000 loans)",production_full_history,full_available_history,117,2028-09-01,73916.14739758299,45934.9932503404,397205.34472781006,299084.63981185836,161210929.53458804,severely_adverse
"Local synthetic portfolio (25,000 loans)",production_full_history,full_available_history,118,2028-10-01,72070.74797675316,44606.44251898329,388453.9424364467,291473.105575457,161255535.97710702,severely_adverse
"Local synthetic portfolio (25,000 loans)",production_full_history,full_available_history,119,2028-11-01,70282.02573263265,43322.85357515321,379969.15756735235,284102.486175301,161298858.83068216,severely_adverse
"Local synthetic portfolio (25,000 loans)",production_full_history,full_available_history,120,2028-12-01,68546.34376501567,42081.508919104104,371733.0126892329,276957.13311297604,161340940.33960125,severely_adverse
