portfolio_scope,fit_provenance,fit_end,delinquency_state,Current,DPD30,DPD60,DPD90,DPD120,DPD150,ChargeOff,Prepaid,Repurchased,row_sum
"Local synthetic portfolio (25,000 loans)",production_full_history,full_available_history,Current,0.9843730331513943,0.0076780610612986,0.0,0.0,0.0,0.0,0.0,0.007859140106687,8.97656806198991e-05,1.0
"Local synthetic portfolio (25,000 loans)",production_full_history,full_available_history,DPD30,0.4116140861098817,0.3436492381614718,0.2421129164822659,0.0,0.0,0.0,0.0,0.0024973130176392,0.0001264462287412,1.0
"Local synthetic portfolio (25,000 loans)",production_full_history,full_available_history,DPD60,0.0,0.3508483531967357,0.3713967005225151,0.2759936593671109,0.0,0.0,0.0,0.0017612869136382,0.0,1.0
"Local synthetic portfolio (25,000 loans)",production_full_history,full_available_history,DPD90,0.0,0.0,0.2945765579471754,0.4082150578061848,0.2956104897076793,0.0,0.0,0.0015978945389604,0.0,1.0
"Local synthetic portfolio (25,000 loans)",production_full_history,full_available_history,DPD120,0.0,0.0,0.0,0.2405563689604685,0.4405563689604685,0.3166910688140556,0.0,0.0020497803806734,0.0001464128843338,1.0
"Local synthetic portfolio (25,000 loans)",production_full_history,full_available_history,DPD150,0.0,0.0,0.0,0.0,0.1753731343283582,0.4656716417910447,0.3569651741293532,0.0019900497512437,0.0,1.0
"Local synthetic portfolio (25,000 loans)",production_full_history,full_available_history,ChargeOff,0.0,0.0,0.0,0.0,0.0,0.0,1.0,0.0,0.0,1.0
"Local synthetic portfolio (25,000 loans)",production_full_history,full_available_history,Prepaid,0.0,0.0,0.0,0.0,0.0,0.0,0.0,1.0,0.0,1.0
"Local synthetic portfolio (25,000 loans)",production_full_history,full_available_history,Repurchased,0.0,0.0,0.0,0.0,0.0,0.0,0.0,0.0,1.0,1.0
